maps_link,place,username,comment,rating,datetime,sentiment,clean_comment
"https://www.google.com/maps/place/Desa+Wisata+Nganggring/@-7.6067887,110.3963377,19z/data=!4m12!1m5!3m4!2zN8KwMzYnMjQuMSJTIDExMMKwMjMnNDguMyJF!8m2!3d-7.606681!4d110.396749!3m5!1s0x2e7a60ec7f545751:0x794c3cd33bbdc15d!8m2!3d-7.6069053!4d110.3966559!16s%2Fg%2F1pzwcxj87?entry=ttu&g_ep=EgoyMDI1MDEyOC4wIKXMDSoASAFQAw%3D%3D",Desa Wisata Nganggring,Fadila Zakira,Tempat yang menyenangkan dan cocok untuk edukasi anak-anak maupun orang dewasa,5 bintang,22 jam lalu,positive,senang cocok edukasi anakanak orang dewasa
"https://www.google.com/maps/place/Desa+Wisata+Nganggring/@-7.6067887,110.3963377,19z/data=!4m12!1m5!3m4!2zN8KwMzYnMjQuMSJTIDExMMKwMjMnNDguMyJF!8m2!3d-7.606681!4d110.396749!3m5!1s0x2e7a60ec7f545751:0x794c3cd33bbdc15d!8m2!3d-7.6069053!4d110.3966559!16s%2Fg%2F1pzwcxj87?entry=ttu&g_ep=EgoyMDI1MDEyOC4wIKXMDSoASAFQAw%3D%3D",Desa Wisata Nganggring,sarah dhia salsabila,Cocok untuk edukasi tentang peternakanü§©,5 bintang,22 jam lalu,positive,cocok edukasi terna
"https://www.google.com/maps/place/Desa+Wisata+Nganggring/@-7.6067887,110.3963377,19z/data=!4m12!1m5!3m4!2zN8KwMzYnMjQuMSJTIDExMMKwMjMnNDguMyJF!8m2!3d-7.606681!4d110.396749!3m5!1s0x2e7a60ec7f545751:0x794c3cd33bbdc15d!8m2!3d-7.6069053!4d110.3966559!16s%2Fg%2F1pzwcxj87?entry=ttu&g_ep=EgoyMDI1MDEyOC4wIKXMDSoASAFQAw%3D%3D",Desa Wisata Nganggring,Irawan Andi,"Kambingnya sangat banyak, edukasi tentang pemerahan susu kambing juga sangat seru untuk diikuti
Semoga besok bisa kesini lagii üôåüèª ‚Ä¶",5 bintang,1 hari lalu,positive,kambing edukasi merah susu kambing seru moga besok kesini
"https://www.google.com/maps/place/Desa+Wisata+Nganggring/@-7.6067887,110.3963377,19z/data=!4m12!1m5!3m4!2zN8KwMzYnMjQuMSJTIDExMMKwMjMnNDguMyJF!8m2!3d-7.606681!4d110.396749!3m5!1s0x2e7a60ec7f545751:0x794c3cd33bbdc15d!8m2!3d-7.6069053!4d110.3966559!16s%2Fg%2F1pzwcxj87?entry=ttu&g_ep=EgoyMDI1MDEyOC4wIKXMDSoASAFQAw%3D%3D",Desa Wisata Nganggring,Ahmad Ibnu Sina Imas Putra,tempat yg menyenangkan!!,5 bintang,1 hari lalu,positive,senang
"https://www.google.com/maps/place/Desa+Wisata+Nganggring/@-7.6067887,110.3963377,19z/data=!4m12!1m5!3m4!2zN8KwMzYnMjQuMSJTIDExMMKwMjMnNDguMyJF!8m2!3d-7.606681!4d110.396749!3m5!1s0x2e7a60ec7f545751:0x794c3cd33bbdc15d!8m2!3d-7.6069053!4d110.3966559!16s%2Fg%2F1pzwcxj87?entry=ttu&g_ep=EgoyMDI1MDEyOC4wIKXMDSoASAFQAw%3D%3D",Desa Wisata Nganggring,Bhekti_ Art,"Kreatif, bersih, pelayanan ok bgt üëåüëåüëç",5 bintang,sebulan lalu,positive,kreatif bersih layan banget
"https://www.google.com/maps/place/Desa+Wisata+Nganggring/@-7.6067887,110.3963377,19z/data=!4m12!1m5!3m4!2zN8KwMzYnMjQuMSJTIDExMMKwMjMnNDguMyJF!8m2!3d-7.606681!4d110.396749!3m5!1s0x2e7a60ec7f545751:0x794c3cd33bbdc15d!8m2!3d-7.6069053!4d110.3966559!16s%2Fg%2F1pzwcxj87?entry=ttu&g_ep=EgoyMDI1MDEyOC4wIKXMDSoASAFQAw%3D%3D",Desa Wisata Nganggring,HARRY SETYA KURNIA NUGRAHA -,Desanya keren bangett jadin pengen kesana terus,5 bintang,sebulan lalu,positive,desa keren bangett jadin kesana
"https://www.google.com/maps/place/Desa+Wisata+Nganggring/@-7.6067887,110.3963377,19z/data=!4m12!1m5!3m4!2zN8KwMzYnMjQuMSJTIDExMMKwMjMnNDguMyJF!8m2!3d-7.606681!4d110.396749!3m5!1s0x2e7a60ec7f545751:0x794c3cd33bbdc15d!8m2!3d-7.6069053!4d110.3966559!16s%2Fg%2F1pzwcxj87?entry=ttu&g_ep=EgoyMDI1MDEyOC4wIKXMDSoASAFQAw%3D%3D",Desa Wisata Nganggring,NISRINA LUTHFIA ATHAYA -,seru bangettt,5 bintang,sebulan lalu,positive,seru bangett
"https://www.google.com/maps/place/Desa+Wisata+Nganggring/@-7.6067887,110.3963377,19z/data=!4m12!1m5!3m4!2zN8KwMzYnMjQuMSJTIDExMMKwMjMnNDguMyJF!8m2!3d-7.606681!4d110.396749!3m5!1s0x2e7a60ec7f545751:0x794c3cd33bbdc15d!8m2!3d-7.6069053!4d110.3966559!16s%2Fg%2F1pzwcxj87?entry=ttu&g_ep=EgoyMDI1MDEyOC4wIKXMDSoASAFQAw%3D%3D",Desa Wisata Nganggring,Kinaryosih Utomo,Bisa seru seruan di sini,5 bintang,sebulan lalu,positive,seru seru
"https://www.google.com/maps/place/Desa+Wisata+Nganggring/@-7.6067887,110.3963377,19z/data=!4m12!1m5!3m4!2zN8KwMzYnMjQuMSJTIDExMMKwMjMnNDguMyJF!8m2!3d-7.606681!4d110.396749!3m5!1s0x2e7a60ec7f545751:0x794c3cd33bbdc15d!8m2!3d-7.6069053!4d110.3966559!16s%2Fg%2F1pzwcxj87?entry=ttu&g_ep=EgoyMDI1MDEyOC4wIKXMDSoASAFQAw%3D%3D",Desa Wisata Nganggring,adithiya zaky,Inovasi dan pelayanan baik,5 bintang,2 bulan lalu,positive,inovasi layan
"https://www.google.com/maps/place/Desa+Wisata+Nganggring/@-7.6067887,110.3963377,19z/data=!4m12!1m5!3m4!2zN8KwMzYnMjQuMSJTIDExMMKwMjMnNDguMyJF!8m2!3d-7.606681!4d110.396749!3m5!1s0x2e7a60ec7f545751:0x794c3cd33bbdc15d!8m2!3d-7.6069053!4d110.3966559!16s%2Fg%2F1pzwcxj87?entry=ttu&g_ep=EgoyMDI1MDEyOC4wIKXMDSoASAFQAw%3D%3D",Desa Wisata Nganggring,Lutfi Retno Wahyudyanti,"Tempat yang menyenangkan untuk belajar tentang kambing perah. Selain melihat bagaimana kambing diternakkan, pengunjung juga bisa susur sungai. Jangan lupa belanja produk olahan susu kambing.",5 bintang,2 bulan lalu,positive,senang ajar kambing perah lihat kambing ternak unjung susur sungai lupa belanja produk olah susu kambing
"https://www.google.com/maps/place/Desa+Wisata+Nganggring/@-7.6067887,110.3963377,19z/data=!4m12!1m5!3m4!2zN8KwMzYnMjQuMSJTIDExMMKwMjMnNDguMyJF!8m2!3d-7.606681!4d110.396749!3m5!1s0x2e7a60ec7f545751:0x794c3cd33bbdc15d!8m2!3d-7.6069053!4d110.3966559!16s%2Fg%2F1pzwcxj87?entry=ttu&g_ep=EgoyMDI1MDEyOC4wIKXMDSoASAFQAw%3D%3D",Desa Wisata Nganggring,ab har,"Tempatnya keren, walking tour tracknya juga seru",5 bintang,2 bulan lalu,positive,keren walking tour tracknya seru
"https://www.google.com/maps/place/Desa+Wisata+Nganggring/@-7.6067887,110.3963377,19z/data=!4m12!1m5!3m4!2zN8KwMzYnMjQuMSJTIDExMMKwMjMnNDguMyJF!8m2!3d-7.606681!4d110.396749!3m5!1s0x2e7a60ec7f545751:0x794c3cd33bbdc15d!8m2!3d-7.6069053!4d110.3966559!16s%2Fg%2F1pzwcxj87?entry=ttu&g_ep=EgoyMDI1MDEyOC4wIKXMDSoASAFQAw%3D%3D",Desa Wisata Nganggring,Reni Tania R.,"kemarinn ke sini dan SUKA BANGETT. the ambience, warganyaa and everything. its worth the price guys! terus the people are veryy kind, semuanya ramah dan helpfull. no need to worries soal jalan karena aksesnya mudah banget dan banyak petunjuk arah juga jadi dipastikan gabakal kesasar. worth to visit! <3",5 bintang,2 bulan lalu,positive,kemarinn suka bangett ambience warganyaa everything worth price teman people veryy kind ramah helpfull need worries jalan akses mudah banget arah gabakal kesasar worth visit
"https://www.google.com/maps/place/Desa+Wisata+Nganggring/@-7.6067887,110.3963377,19z/data=!4m12!1m5!3m4!2zN8KwMzYnMjQuMSJTIDExMMKwMjMnNDguMyJF!8m2!3d-7.606681!4d110.396749!3m5!1s0x2e7a60ec7f545751:0x794c3cd33bbdc15d!8m2!3d-7.6069053!4d110.3966559!16s%2Fg%2F1pzwcxj87?entry=ttu&g_ep=EgoyMDI1MDEyOC4wIKXMDSoASAFQAw%3D%3D",Desa Wisata Nganggring,Gracenata,"kerennn banget desa wisatanyaaa udh adaa semuaa kegiatan disini, untuk yg mau mencobaa pengalaman memerah susu kambing ataupun merasakann menginap di kaki gunung merapi yg sejukkk amat sangat worth it",5 bintang,2 bulan lalu,positive,kerenn banget desa wisatanyaa adaa semuaa giat mencobaa alam merah susu kambing merasakann inap kaki gunung rapi sejukk worth
"https://www.google.com/maps/place/Desa+Wisata+Nganggring/@-7.6067887,110.3963377,19z/data=!4m12!1m5!3m4!2zN8KwMzYnMjQuMSJTIDExMMKwMjMnNDguMyJF!8m2!3d-7.606681!4d110.396749!3m5!1s0x2e7a60ec7f545751:0x794c3cd33bbdc15d!8m2!3d-7.6069053!4d110.3966559!16s%2Fg%2F1pzwcxj87?entry=ttu&g_ep=EgoyMDI1MDEyOC4wIKXMDSoASAFQAw%3D%3D",Desa Wisata Nganggring,Felisyah Siti Az zahra,"very worth the experience üòç banyak edukasi yang bisa didapat dan tentu nya cocok untuk semua kalangan, ga khawatir kalau kesini udah tersedia semua bahkan paket wisata yang lengkap juga ada üòçüòç",5 bintang,2 bulan lalu,positive,worth experience edukasi cocok kalang khawatir kesini sedia paket wisata lengkap
"https://www.google.com/maps/place/Desa+Wisata+Nganggring/@-7.6067887,110.3963377,19z/data=!4m12!1m5!3m4!2zN8KwMzYnMjQuMSJTIDExMMKwMjMnNDguMyJF!8m2!3d-7.606681!4d110.396749!3m5!1s0x2e7a60ec7f545751:0x794c3cd33bbdc15d!8m2!3d-7.6069053!4d110.3966559!16s%2Fg%2F1pzwcxj87?entry=ttu&g_ep=EgoyMDI1MDEyOC4wIKXMDSoASAFQAw%3D%3D",Desa Wisata Nganggring,Trilita Yanti,"Desa Wisata Nganggring salah satu desa wisata terbaik di DIY dengan ikon kambing sebagai paket wisata di dalamnya. Suasana alam yang sejuk, bersih, dan nyaman sangat terasa memasuki desa wisata ini. Juara 2 Lomba Desa/Kampung Wisata Tingkat DIY Tahun 2024. Sukses dan selalu semangat utk Desa Wisata Nganggringüî•üî•üî• ‚Ä¶",5 bintang,3 bulan lalu,positive,desa wisata nganggring salah desa wisata lambang kambing paket wisata suasana alam sejuk bersih nyaman pasuk desa wisata juara lomba desakampung wisata tingkat sukses semangat desa wisata nganggring
"https://www.google.com/maps/place/Desa+Wisata+Nganggring/@-7.6067887,110.3963377,19z/data=!4m12!1m5!3m4!2zN8KwMzYnMjQuMSJTIDExMMKwMjMnNDguMyJF!8m2!3d-7.606681!4d110.396749!3m5!1s0x2e7a60ec7f545751:0x794c3cd33bbdc15d!8m2!3d-7.6069053!4d110.3966559!16s%2Fg%2F1pzwcxj87?entry=ttu&g_ep=EgoyMDI1MDEyOC4wIKXMDSoASAFQAw%3D%3D",Desa Wisata Nganggring,Always Tour Official,Seru poll tempat nyaaü§óü§ó ‚Ä¶,5 bintang,3 bulan lalu,positive,seru poll nyaa
"https://www.google.com/maps/place/Desa+Wisata+Nganggring/@-7.6067887,110.3963377,19z/data=!4m12!1m5!3m4!2zN8KwMzYnMjQuMSJTIDExMMKwMjMnNDguMyJF!8m2!3d-7.606681!4d110.396749!3m5!1s0x2e7a60ec7f545751:0x794c3cd33bbdc15d!8m2!3d-7.6069053!4d110.3966559!16s%2Fg%2F1pzwcxj87?entry=ttu&g_ep=EgoyMDI1MDEyOC4wIKXMDSoASAFQAw%3D%3D",Desa Wisata Nganggring,ancuran biskuit,Nganter orderan jam 02:00 malam sepi banget dan gelap üî•üòÅ ‚Ä¶,5 bintang,5 bulan lalu,positive,nganter order malam sepi banget gelap
"https://www.google.com/maps/place/Desa+Wisata+Nganggring/@-7.6067887,110.3963377,19z/data=!4m12!1m5!3m4!2zN8KwMzYnMjQuMSJTIDExMMKwMjMnNDguMyJF!8m2!3d-7.606681!4d110.396749!3m5!1s0x2e7a60ec7f545751:0x794c3cd33bbdc15d!8m2!3d-7.6069053!4d110.3966559!16s%2Fg%2F1pzwcxj87?entry=ttu&g_ep=EgoyMDI1MDEyOC4wIKXMDSoASAFQAw%3D%3D",Desa Wisata Nganggring,Aship Barhoya,"Udaranya sejuk,,,, lihat2 kambing etawa bisa disini",5 bintang,5 bulan lalu,positive,udara sejuk lihat kambing etawa
"https://www.google.com/maps/place/Desa+Wisata+Nganggring/@-7.6067887,110.3963377,19z/data=!4m12!1m5!3m4!2zN8KwMzYnMjQuMSJTIDExMMKwMjMnNDguMyJF!8m2!3d-7.606681!4d110.396749!3m5!1s0x2e7a60ec7f545751:0x794c3cd33bbdc15d!8m2!3d-7.6069053!4d110.3966559!16s%2Fg%2F1pzwcxj87?entry=ttu&g_ep=EgoyMDI1MDEyOC4wIKXMDSoASAFQAw%3D%3D",Desa Wisata Nganggring,supar yanto,"Edukasi buat anak dan orang tua.
sejuk  pemandangan viu gunung merapi saat cerah... Bebas polusi",5 bintang,10 bulan lalu,positive,edukasi anak orang sejuk pandang gunung rapi cerah bebas polusi
"https://www.google.com/maps/place/Desa+Wisata+Nganggring/@-7.6067887,110.3963377,19z/data=!4m12!1m5!3m4!2zN8KwMzYnMjQuMSJTIDExMMKwMjMnNDguMyJF!8m2!3d-7.606681!4d110.396749!3m5!1s0x2e7a60ec7f545751:0x794c3cd33bbdc15d!8m2!3d-7.6069053!4d110.3966559!16s%2Fg%2F1pzwcxj87?entry=ttu&g_ep=EgoyMDI1MDEyOC4wIKXMDSoASAFQAw%3D%3D",Desa Wisata Nganggring,EL RAHNUM,Bagus untuk belajar,5 bintang,11 bulan lalu,positive,bagus ajar
"https://www.google.com/maps/place/Desa+Wisata+Nganggring/@-7.6067887,110.3963377,19z/data=!4m12!1m5!3m4!2zN8KwMzYnMjQuMSJTIDExMMKwMjMnNDguMyJF!8m2!3d-7.606681!4d110.396749!3m5!1s0x2e7a60ec7f545751:0x794c3cd33bbdc15d!8m2!3d-7.6069053!4d110.3966559!16s%2Fg%2F1pzwcxj87?entry=ttu&g_ep=EgoyMDI1MDEyOC4wIKXMDSoASAFQAw%3D%3D",Desa Wisata Nganggring,Salwa Ninna,Menyenangkan sekaliii berkunjungg di siniii!! cocok banget jadii pilihan kalian yang mau belajar lebih banyak mengenai peternakan dan hal lainnyaa <3,5 bintang,setahun lalu,positive,senang berkunjungg cocok banget pilih ajar kena terna lainnyaa
"https://www.google.com/maps/place/Desa+Wisata+Nganggring/@-7.6067887,110.3963377,19z/data=!4m12!1m5!3m4!2zN8KwMzYnMjQuMSJTIDExMMKwMjMnNDguMyJF!8m2!3d-7.606681!4d110.396749!3m5!1s0x2e7a60ec7f545751:0x794c3cd33bbdc15d!8m2!3d-7.6069053!4d110.3966559!16s%2Fg%2F1pzwcxj87?entry=ttu&g_ep=EgoyMDI1MDEyOC4wIKXMDSoASAFQAw%3D%3D",Desa Wisata Nganggring,Sri Ima Azwita Mukti,Sangat recommended dikunjungi untuk menambah wawasan terkait ternak kambing etawa,5 bintang,setahun lalu,positive,recommended kunjung wawas kait ternak kambing etawa
"https://www.google.com/maps/place/Desa+Wisata+Nganggring/@-7.6067887,110.3963377,19z/data=!4m12!1m5!3m4!2zN8KwMzYnMjQuMSJTIDExMMKwMjMnNDguMyJF!8m2!3d-7.606681!4d110.396749!3m5!1s0x2e7a60ec7f545751:0x794c3cd33bbdc15d!8m2!3d-7.6069053!4d110.3966559!16s%2Fg%2F1pzwcxj87?entry=ttu&g_ep=EgoyMDI1MDEyOC4wIKXMDSoASAFQAw%3D%3D",Desa Wisata Nganggring,Ayu Rosalina Dewi,Desa Wisata ini sangat menarik dengan edukasi mengenai peternakan kambing dan olahan dari susu kambing etawa jugaa desa wisata ini sangat cocok untuk semua kalangan usia jadi very recommended,5 bintang,setahun lalu,positive,desa wisata tarik edukasi kena terna kambing olah susu kambing etawa jugaa desa wisata cocok kalang usia recommended
"https://www.google.com/maps/place/Desa+Wisata+Nganggring/@-7.6067887,110.3963377,19z/data=!4m12!1m5!3m4!2zN8KwMzYnMjQuMSJTIDExMMKwMjMnNDguMyJF!8m2!3d-7.606681!4d110.396749!3m5!1s0x2e7a60ec7f545751:0x794c3cd33bbdc15d!8m2!3d-7.6069053!4d110.3966559!16s%2Fg%2F1pzwcxj87?entry=ttu&g_ep=EgoyMDI1MDEyOC4wIKXMDSoASAFQAw%3D%3D",Desa Wisata Nganggring,BONZ ***,"Desa wisata ini merupakan surga bagi pecinta kambing dan produk olahannya. Suasana pedesaan yang asri dan ramah, ditambah dengan pemandangan indah, menjadikan tempat ini destinasi yang menarik. Keberagaman produk olahan kambing, memberikan pengalaman kuliner dan belanja yang unik. Meskipun infrastruktur mungkin perlu perhatian lebih, potensi desa ini sebagai pusat pariwisata kambing patut diakui.",5 bintang,setahun lalu,positive,desa wisata rupa surga cinta kambing produk olah suasana desa asri ramah pandang indah destinasi tarik agam produk olah kambing alam kuliner belanja unik infrastruktur perhati potensi desa pusat pariwisata kambing patut
"https://www.google.com/maps/place/Desa+Wisata+Nganggring/@-7.6067887,110.3963377,19z/data=!4m12!1m5!3m4!2zN8KwMzYnMjQuMSJTIDExMMKwMjMnNDguMyJF!8m2!3d-7.606681!4d110.396749!3m5!1s0x2e7a60ec7f545751:0x794c3cd33bbdc15d!8m2!3d-7.6069053!4d110.3966559!16s%2Fg%2F1pzwcxj87?entry=ttu&g_ep=EgoyMDI1MDEyOC4wIKXMDSoASAFQAw%3D%3D",Desa Wisata Nganggring,Alya nida,Tempatnya cocok untuk edukasi.,5 bintang,setahun lalu,positive,cocok edukasi
"https://www.google.com/maps/place/Desa+Wisata+Nganggring/@-7.6067887,110.3963377,19z/data=!4m12!1m5!3m4!2zN8KwMzYnMjQuMSJTIDExMMKwMjMnNDguMyJF!8m2!3d-7.606681!4d110.396749!3m5!1s0x2e7a60ec7f545751:0x794c3cd33bbdc15d!8m2!3d-7.6069053!4d110.3966559!16s%2Fg%2F1pzwcxj87?entry=ttu&g_ep=EgoyMDI1MDEyOC4wIKXMDSoASAFQAw%3D%3D",Desa Wisata Nganggring,Anggita Sri jayanti,Recommended berlibur di lereng gunung Merapi sambil belajar tentang kambingüëç. ‚Ä¶,5 bintang,setahun lalu,positive,recommended libur lereng gunung rapi ajar kambing
"https://www.google.com/maps/place/Desa+Wisata+Nganggring/@-7.6067887,110.3963377,19z/data=!4m12!1m5!3m4!2zN8KwMzYnMjQuMSJTIDExMMKwMjMnNDguMyJF!8m2!3d-7.606681!4d110.396749!3m5!1s0x2e7a60ec7f545751:0x794c3cd33bbdc15d!8m2!3d-7.6069053!4d110.3966559!16s%2Fg%2F1pzwcxj87?entry=ttu&g_ep=EgoyMDI1MDEyOC4wIKXMDSoASAFQAw%3D%3D",Desa Wisata Nganggring,Alekiyowo,daerahnya adem tentrem + warganya ramah semua üôåüèªüôåüèªüôåüèªüôåüèª ‚Ä¶,5 bintang,setahun lalu,positive,daerah adem tentrem warga ramah
"https://www.google.com/maps/place/Desa+Wisata+Nganggring/@-7.6067887,110.3963377,19z/data=!4m12!1m5!3m4!2zN8KwMzYnMjQuMSJTIDExMMKwMjMnNDguMyJF!8m2!3d-7.606681!4d110.396749!3m5!1s0x2e7a60ec7f545751:0x794c3cd33bbdc15d!8m2!3d-7.6069053!4d110.3966559!16s%2Fg%2F1pzwcxj87?entry=ttu&g_ep=EgoyMDI1MDEyOC4wIKXMDSoASAFQAw%3D%3D",Desa Wisata Nganggring,Hisyam Khalil,Saya mempelajari bayak hal tentang kambing etawa,5 bintang,setahun lalu,positive,ajar bayak kambing etawa
"https://www.google.com/maps/place/Desa+Wisata+Nganggring/@-7.6067887,110.3963377,19z/data=!4m12!1m5!3m4!2zN8KwMzYnMjQuMSJTIDExMMKwMjMnNDguMyJF!8m2!3d-7.606681!4d110.396749!3m5!1s0x2e7a60ec7f545751:0x794c3cd33bbdc15d!8m2!3d-7.6069053!4d110.3966559!16s%2Fg%2F1pzwcxj87?entry=ttu&g_ep=EgoyMDI1MDEyOC4wIKXMDSoASAFQAw%3D%3D",Desa Wisata Nganggring,Ikmal Nuraqila,"desa wisata yang menyenangkan, sangat iconic dengan kambing etawa dan perkebunan salak",5 bintang,setahun lalu,positive,desa wisata senang iconic kambing etawa kebun salak
"https://www.google.com/maps/place/Desa+Wisata+Nganggring/@-7.6067887,110.3963377,19z/data=!4m12!1m5!3m4!2zN8KwMzYnMjQuMSJTIDExMMKwMjMnNDguMyJF!8m2!3d-7.606681!4d110.396749!3m5!1s0x2e7a60ec7f545751:0x794c3cd33bbdc15d!8m2!3d-7.6069053!4d110.3966559!16s%2Fg%2F1pzwcxj87?entry=ttu&g_ep=EgoyMDI1MDEyOC4wIKXMDSoASAFQAw%3D%3D",Desa Wisata Nganggring,Jancok Haiyo,Mantap seklai,5 bintang,setahun lalu,positive,mantap seklai
"https://www.google.com/maps/place/Desa+Wisata+Nganggring/@-7.6067887,110.3963377,19z/data=!4m12!1m5!3m4!2zN8KwMzYnMjQuMSJTIDExMMKwMjMnNDguMyJF!8m2!3d-7.606681!4d110.396749!3m5!1s0x2e7a60ec7f545751:0x794c3cd33bbdc15d!8m2!3d-7.6069053!4d110.3966559!16s%2Fg%2F1pzwcxj87?entry=ttu&g_ep=EgoyMDI1MDEyOC4wIKXMDSoASAFQAw%3D%3D",Desa Wisata Nganggring,Risa Rekno,Desa Wisata dengan Edukasi yang full dari produk turunan kambing san Salak,5 bintang,setahun lalu,positive,desa wisata edukasi full produk turun kambing salak
"https://www.google.com/maps/place/Desa+Wisata+Nganggring/@-7.6067887,110.3963377,19z/data=!4m12!1m5!3m4!2zN8KwMzYnMjQuMSJTIDExMMKwMjMnNDguMyJF!8m2!3d-7.606681!4d110.396749!3m5!1s0x2e7a60ec7f545751:0x794c3cd33bbdc15d!8m2!3d-7.6069053!4d110.3966559!16s%2Fg%2F1pzwcxj87?entry=ttu&g_ep=EgoyMDI1MDEyOC4wIKXMDSoASAFQAw%3D%3D",Desa Wisata Nganggring,Alif Banyumili,Udara pegunumgan,4 bintang,setahun lalu,positive,udara pegunumgan
"https://www.google.com/maps/place/Desa+Wisata+Nganggring/@-7.6067887,110.3963377,19z/data=!4m12!1m5!3m4!2zN8KwMzYnMjQuMSJTIDExMMKwMjMnNDguMyJF!8m2!3d-7.606681!4d110.396749!3m5!1s0x2e7a60ec7f545751:0x794c3cd33bbdc15d!8m2!3d-7.6069053!4d110.3966559!16s%2Fg%2F1pzwcxj87?entry=ttu&g_ep=EgoyMDI1MDEyOC4wIKXMDSoASAFQAw%3D%3D",Desa Wisata Nganggring,Chandra Adi,Susu kambingnya enak üëçüëçüòä ‚Ä¶,5 bintang,2 tahun lalu,positive,susu kambing enak
"https://www.google.com/maps/place/Desa+Wisata+Nganggring/@-7.6067887,110.3963377,19z/data=!4m12!1m5!3m4!2zN8KwMzYnMjQuMSJTIDExMMKwMjMnNDguMyJF!8m2!3d-7.606681!4d110.396749!3m5!1s0x2e7a60ec7f545751:0x794c3cd33bbdc15d!8m2!3d-7.6069053!4d110.3966559!16s%2Fg%2F1pzwcxj87?entry=ttu&g_ep=EgoyMDI1MDEyOC4wIKXMDSoASAFQAw%3D%3D",Desa Wisata Nganggring,Lek Muh,Pemandu cantik dan ganteng2. Ramah sekali. Cocok banget. Sejuk,5 bintang,2 tahun lalu,positive,pandu cantik ganteng ramah cocok banget sejuk
"https://www.google.com/maps/place/Desa+Wisata+Nganggring/@-7.6067887,110.3963377,19z/data=!4m12!1m5!3m4!2zN8KwMzYnMjQuMSJTIDExMMKwMjMnNDguMyJF!8m2!3d-7.606681!4d110.396749!3m5!1s0x2e7a60ec7f545751:0x794c3cd33bbdc15d!8m2!3d-7.6069053!4d110.3966559!16s%2Fg%2F1pzwcxj87?entry=ttu&g_ep=EgoyMDI1MDEyOC4wIKXMDSoASAFQAw%3D%3D",Desa Wisata Nganggring,Nur Muhammad Huda,Muach lope lopeeeee,5 bintang,2 tahun lalu,positive,muach lope lopee
"https://www.google.com/maps/place/Desa+Wisata+Nganggring/@-7.6067887,110.3963377,19z/data=!4m12!1m5!3m4!2zN8KwMzYnMjQuMSJTIDExMMKwMjMnNDguMyJF!8m2!3d-7.606681!4d110.396749!3m5!1s0x2e7a60ec7f545751:0x794c3cd33bbdc15d!8m2!3d-7.6069053!4d110.3966559!16s%2Fg%2F1pzwcxj87?entry=ttu&g_ep=EgoyMDI1MDEyOC4wIKXMDSoASAFQAw%3D%3D",Desa Wisata Nganggring,Abdillah Bramaywa Ahmad Manudipta,Desa Wisata Pertanian dan Peternakan Susu Kambing PE yang bermanfaat serta berkualitas.,5 bintang,2 tahun lalu,positive,desa wisata tani terna susu kambing manfaat kualitas
"https://www.google.com/maps/place/Desa+Wisata+Nganggring/@-7.6067887,110.3963377,19z/data=!4m12!1m5!3m4!2zN8KwMzYnMjQuMSJTIDExMMKwMjMnNDguMyJF!8m2!3d-7.606681!4d110.396749!3m5!1s0x2e7a60ec7f545751:0x794c3cd33bbdc15d!8m2!3d-7.6069053!4d110.3966559!16s%2Fg%2F1pzwcxj87?entry=ttu&g_ep=EgoyMDI1MDEyOC4wIKXMDSoASAFQAw%3D%3D",Desa Wisata Nganggring,Bachtiar Al Ummam,keren. saya bisa belajar tentang perternakan dan pengolahan susu kambing etawa,5 bintang,2 tahun lalu,positive,keren ajar terna olah susu kambing etawa
"https://www.google.com/maps/place/Desa+Wisata+Nganggring/@-7.6067887,110.3963377,19z/data=!4m12!1m5!3m4!2zN8KwMzYnMjQuMSJTIDExMMKwMjMnNDguMyJF!8m2!3d-7.606681!4d110.396749!3m5!1s0x2e7a60ec7f545751:0x794c3cd33bbdc15d!8m2!3d-7.6069053!4d110.3966559!16s%2Fg%2F1pzwcxj87?entry=ttu&g_ep=EgoyMDI1MDEyOC4wIKXMDSoASAFQAw%3D%3D",Desa Wisata Nganggring,Bambang Supriyanto,Siiiip,5 bintang,2 tahun lalu,positive,siip
"https://www.google.com/maps/place/Desa+Wisata+Nganggring/@-7.6067887,110.3963377,19z/data=!4m12!1m5!3m4!2zN8KwMzYnMjQuMSJTIDExMMKwMjMnNDguMyJF!8m2!3d-7.606681!4d110.396749!3m5!1s0x2e7a60ec7f545751:0x794c3cd33bbdc15d!8m2!3d-7.6069053!4d110.3966559!16s%2Fg%2F1pzwcxj87?entry=ttu&g_ep=EgoyMDI1MDEyOC4wIKXMDSoASAFQAw%3D%3D",Desa Wisata Nganggring,arsa cell,Sangat keren dan indah,5 bintang,3 tahun lalu,positive,keren indah
"https://www.google.com/maps/place/Desa+Wisata+Nganggring/@-7.6067887,110.3963377,19z/data=!4m12!1m5!3m4!2zN8KwMzYnMjQuMSJTIDExMMKwMjMnNDguMyJF!8m2!3d-7.606681!4d110.396749!3m5!1s0x2e7a60ec7f545751:0x794c3cd33bbdc15d!8m2!3d-7.6069053!4d110.3966559!16s%2Fg%2F1pzwcxj87?entry=ttu&g_ep=EgoyMDI1MDEyOC4wIKXMDSoASAFQAw%3D%3D",Desa Wisata Nganggring,rinto handoyo,Sangat menarik untuk kunjungan dan study banding,5 bintang,3 tahun lalu,positive,tarik kunjung study banding
"https://www.google.com/maps/place/Desa+Wisata+Nganggring/@-7.6067887,110.3963377,19z/data=!4m12!1m5!3m4!2zN8KwMzYnMjQuMSJTIDExMMKwMjMnNDguMyJF!8m2!3d-7.606681!4d110.396749!3m5!1s0x2e7a60ec7f545751:0x794c3cd33bbdc15d!8m2!3d-7.6069053!4d110.3966559!16s%2Fg%2F1pzwcxj87?entry=ttu&g_ep=EgoyMDI1MDEyOC4wIKXMDSoASAFQAw%3D%3D",Desa Wisata Nganggring,Irsyad Aji,Ada pasar hewan setiap Kliwon. Banyak yang ternak kambing PE disekitarnya. Ada yg jual susu kambing juga.,4 bintang,3 tahun lalu,positive,pasar hewan kliwon ternak kambing jual susu kambing
"https://www.google.com/maps/place/Desa+Wisata+Nganggring/@-7.6067887,110.3963377,19z/data=!4m12!1m5!3m4!2zN8KwMzYnMjQuMSJTIDExMMKwMjMnNDguMyJF!8m2!3d-7.606681!4d110.396749!3m5!1s0x2e7a60ec7f545751:0x794c3cd33bbdc15d!8m2!3d-7.6069053!4d110.3966559!16s%2Fg%2F1pzwcxj87?entry=ttu&g_ep=EgoyMDI1MDEyOC4wIKXMDSoASAFQAw%3D%3D",Desa Wisata Nganggring,Totok Rasto,Tempatnya lumayan teduh. Untuk trek goweser tuk sampai disana sudah lumayan berkeringat.,5 bintang,3 tahun lalu,positive,lumayan teduh trek goweser lumayan keringat
"https://www.google.com/maps/place/Desa+Wisata+Nganggring/@-7.6067887,110.3963377,19z/data=!4m12!1m5!3m4!2zN8KwMzYnMjQuMSJTIDExMMKwMjMnNDguMyJF!8m2!3d-7.606681!4d110.396749!3m5!1s0x2e7a60ec7f545751:0x794c3cd33bbdc15d!8m2!3d-7.6069053!4d110.3966559!16s%2Fg%2F1pzwcxj87?entry=ttu&g_ep=EgoyMDI1MDEyOC4wIKXMDSoASAFQAw%3D%3D",Desa Wisata Nganggring,Ramuzepra Farm,aman ramah,5 bintang,3 tahun lalu,positive,aman ramah
"https://www.google.com/maps/place/Desa+Wisata+Nganggring/@-7.6067887,110.3963377,19z/data=!4m12!1m5!3m4!2zN8KwMzYnMjQuMSJTIDExMMKwMjMnNDguMyJF!8m2!3d-7.606681!4d110.396749!3m5!1s0x2e7a60ec7f545751:0x794c3cd33bbdc15d!8m2!3d-7.6069053!4d110.3966559!16s%2Fg%2F1pzwcxj87?entry=ttu&g_ep=EgoyMDI1MDEyOC4wIKXMDSoASAFQAw%3D%3D",Desa Wisata Nganggring,Atik Wahyunaryati,Anda bisa membeli susu kambing premium di tempat ini,4 bintang,3 tahun lalu,positive,beli susu kambing premium
"https://www.google.com/maps/place/Desa+Wisata+Nganggring/@-7.6067887,110.3963377,19z/data=!4m12!1m5!3m4!2zN8KwMzYnMjQuMSJTIDExMMKwMjMnNDguMyJF!8m2!3d-7.606681!4d110.396749!3m5!1s0x2e7a60ec7f545751:0x794c3cd33bbdc15d!8m2!3d-7.6069053!4d110.3966559!16s%2Fg%2F1pzwcxj87?entry=ttu&g_ep=EgoyMDI1MDEyOC4wIKXMDSoASAFQAw%3D%3D",Desa Wisata Nganggring,R K,Wisata nengok kambing etawa. Selain itu banyak bibit tanaman. Sejuk dan bersih juga tempatnya.,5 bintang,3 tahun lalu,positive,wisata nengok kambing etawa bibit tanam sejuk bersih
"https://www.google.com/maps/place/Desa+Wisata+Nganggring/@-7.6067887,110.3963377,19z/data=!4m12!1m5!3m4!2zN8KwMzYnMjQuMSJTIDExMMKwMjMnNDguMyJF!8m2!3d-7.606681!4d110.396749!3m5!1s0x2e7a60ec7f545751:0x794c3cd33bbdc15d!8m2!3d-7.6069053!4d110.3966559!16s%2Fg%2F1pzwcxj87?entry=ttu&g_ep=EgoyMDI1MDEyOC4wIKXMDSoASAFQAw%3D%3D",Desa Wisata Nganggring,Juragan Erwan,"Susunya Memesona, Olahan Salaknya Oke Punya

Banyak pengalaman berkesan saat berkunjung ke Desa Wisata (Dewi) Nganggring ini. Dua di antaranya saat mendampingi para manajer Corporate  Sosial Responsibility (CSR) Holcim Indonesia (sekarang menjadi Dynamix) dan saat menggelar Amazing Q-Race bersama Bank Indonesia Perwakilan DIY.

Atraksi wisata Dewi Nganggring membuat para manajer Corporate Sosial Responsibility (CSR) Holcim Indonesia dan peserta Amazing Q Race kesengsem. Mereka kerasan berada di desa wisata dengan unggulan susu kambing dan olahan salak pondoh ini. Berbagai atraksi wisata, baik susu perah, olahan susu maupun atraksi seni budaya, membuat mereka terpana.

""Wah pada nggak mau pulang ini. Suasananya tenang dan sejuk. Apalagi dapat suguhan susu kambing Ettawa yang enak banget,"" ujar Corporate CSR Manager Ummu Azizah Mukarnawati saat berkunjung ke Desa Wisata Nganggring.
Begitu tiba di lokasi, mereka disambut pengelola yang memaparkan sejarah perkembangan Desa Wisata Nganggring. Termasuk pengelolaan ternak kambing yang menjadi salah satu ikon Desa Wisata Nganggring. Saat paparan inilah, para manajer dari Holcim begitu tertarik dengan suguhan susu kambing di pagi yang sejuk. ""Sama sekali tidak ada bau prengus atau bau amis. Beda dengan yang di Cilacap, binaan kami,"" ungkap Anna.

Anna lantas menanyakan rahasia pengelolaan dan pemrosesan susu kambing Ettawa ini. Perempuan kelahiran Rembang ini mengaku sebenarnya tak suka minum susu. Apalagi yang berbau. Tapi, di Nganggring, Anna menghabiskan segelas susu kambing yang dilakukan.

Di akhir paparan, para tamu dari Holcim inipun diajak melihat ke rumah produksinya. Para manajer itu begitu antusias melihat dan bertanya proses produksi susu kambing hingga pengemasannya. Bahkan, Anna ikut mengaduk susu yang sedang dipanaskan di atas wajan.
Usai melihat dan memotret proses produksinya, mereka pun memborong beragam produk susu yang sudah dikemas. Berbagai pilihan rasa, yakni original, vanila, coklat dan jahe serta yang premium dengan collustrum mereka beli.

Berbagai inovasi terhadap potensi lokal terus dikembangkan. Kuliner, misalnya, para tamu yang hadir disuguhi dengan olahan khas berbahan lokal. Ada talam salak pondoh, kripik lompong crispy, moci wijen, maupun kripik pegagan. Ada pula oseng salak, nasi goreng salak dan sebagainya. Inovasi terbaru adalah olahan kosmetik dan sabun dari bahan susu.
Aneka produk ini pula yang membuat peserta Amazing Q Race menghabiskan cukup banyak waktu di lokasi ini.

Selain produk, pengembangan potensi alamnya untuk atraksi wisata juga dilakukan. Ada susur sungai, treking maupun outbond. Kebanyakan tamu terutama pelajar menyukai fun games saat field trip ke Nganggring. Berbagai games seru yang memadukan potensi kekayaan alam dan team building bisa dinikmati di Nganggring.
""Banyak paket yang kami sediakan. Paket studi banding, paket outbond, paket budaya, paket homestay, paket blusukan dan sebagainya,"" tandas Rudi.

Desa wisata Nganggring ini berjarak 22 km dari Kota Jogja. Bisa ditempuh dengan bus besar. Tidak perlu takut kesasar, lihat panduan di Google Map akan diarahkan sampai ke tujuan.

Mau minum susu dengan kualitas terbaik setelah ASI (Air Susu Ibu), ya cari susu kambing di Nganggring saja. (juragan erwan)",4 bintang,4 tahun lalu,positive,susu pesona olah salak alam kesan kunjung desa wisata dewi nganggring damping manajer corporate sosial responsibility holcim indonesia dynamix gelar amazing qrace bank indonesia wakil atraksi wisata dewi nganggring manajer corporate sosial responsibility holcim indonesia amazing race kesengsem kerasan desa wisata unggul susu kambing olah salak pondoh atraksi wisata susu perah olah susu atraksi seni budaya terpana pulang suasana tenang sejuk suguh susu kambing ettawa enak banget corporate manager ummu azizah mukarnawati kunjung desa wisata nganggring lokasi sambut kelola papar sejarah kembang desa wisata nganggring masuk kelola ternak kambing salah lambang desa wisata nganggring papar manajer holcim tarik suguh susu kambing pagi sejuk prengus amis beda cilacap bina anna anna lantas rahasia kelola pemrosesan susu kambing ettawa perempuan lahir rembang suka minum susu nganggring anna habis gelas susu kambing laku papar tamu holcim ajak lihat rumah produksi manajer antusias lihat proses produksi susu kambing emas anna aduk susu panas wajan lihat potret proses produksi borong agam produk susu kemas pilih original vanila coklat jahe premium collustrum beli inovasi hadap potensi lokal kembang kuliner tamu hadir suguh olah khas bahan lokal talam salak pondoh kripik lompong crispy moci wijen kripik pegagan oseng salak nasi goreng salak inovasi olah kosmetik sabun bahan susu aneka produk amazing race habis lokasi produk kembang potensi alam atraksi wisata laku susur sungai treking outbond tamu utama ajar suka games field trip nganggring games seru madu potensi kaya alam team building nikmat nganggring paket sedia paket studi banding paket outbond paket budaya paket homestay paket blusukan rudi desa wisata nganggring jarak kota jogja tempuh takut kesasar lihat pandu google arah tuju minum susu kualitas susu cari susu kambing nganggring juragan erwan
"https://www.google.com/maps/place/Desa+Wisata+Nganggring/@-7.6067887,110.3963377,19z/data=!4m12!1m5!3m4!2zN8KwMzYnMjQuMSJTIDExMMKwMjMnNDguMyJF!8m2!3d-7.606681!4d110.396749!3m5!1s0x2e7a60ec7f545751:0x794c3cd33bbdc15d!8m2!3d-7.6069053!4d110.3966559!16s%2Fg%2F1pzwcxj87?entry=ttu&g_ep=EgoyMDI1MDEyOC4wIKXMDSoASAFQAw%3D%3D",Desa Wisata Nganggring,WindarD,Orangnya ramah-ramah dan tempat wisatanya bagus sekali.üëçü§ó ‚Ä¶,5 bintang,4 tahun lalu,positive,orang ramahramah wisata bagus
"https://www.google.com/maps/place/Desa+Wisata+Nganggring/@-7.6067887,110.3963377,19z/data=!4m12!1m5!3m4!2zN8KwMzYnMjQuMSJTIDExMMKwMjMnNDguMyJF!8m2!3d-7.606681!4d110.396749!3m5!1s0x2e7a60ec7f545751:0x794c3cd33bbdc15d!8m2!3d-7.6069053!4d110.3966559!16s%2Fg%2F1pzwcxj87?entry=ttu&g_ep=EgoyMDI1MDEyOC4wIKXMDSoASAFQAw%3D%3D",Desa Wisata Nganggring,purnomo wahyudi,Alpukat nya pahit banget,1 bintang,4 tahun lalu,negative,alpukat pahit banget
"https://www.google.com/maps/place/Desa+Wisata+Nganggring/@-7.6067887,110.3963377,19z/data=!4m12!1m5!3m4!2zN8KwMzYnMjQuMSJTIDExMMKwMjMnNDguMyJF!8m2!3d-7.606681!4d110.396749!3m5!1s0x2e7a60ec7f545751:0x794c3cd33bbdc15d!8m2!3d-7.6069053!4d110.3966559!16s%2Fg%2F1pzwcxj87?entry=ttu&g_ep=EgoyMDI1MDEyOC4wIKXMDSoASAFQAw%3D%3D",Desa Wisata Nganggring,Nur k hamid (Nurkhamid),Oke,5 bintang,4 tahun lalu,positive,
"https://www.google.com/maps/place/Desa+Wisata+Nganggring/@-7.6067887,110.3963377,19z/data=!4m12!1m5!3m4!2zN8KwMzYnMjQuMSJTIDExMMKwMjMnNDguMyJF!8m2!3d-7.606681!4d110.396749!3m5!1s0x2e7a60ec7f545751:0x794c3cd33bbdc15d!8m2!3d-7.6069053!4d110.3966559!16s%2Fg%2F1pzwcxj87?entry=ttu&g_ep=EgoyMDI1MDEyOC4wIKXMDSoASAFQAw%3D%3D",Desa Wisata Nganggring,Dwi Erwan,"Suasana pedesaan yg begitu kental...masih asri, enak untuk jalan2",5 bintang,4 tahun lalu,positive,suasana desa kentalmasih asri enak jalan
"https://www.google.com/maps/place/Desa+Wisata+Nganggring/@-7.6067887,110.3963377,19z/data=!4m12!1m5!3m4!2zN8KwMzYnMjQuMSJTIDExMMKwMjMnNDguMyJF!8m2!3d-7.606681!4d110.396749!3m5!1s0x2e7a60ec7f545751:0x794c3cd33bbdc15d!8m2!3d-7.6069053!4d110.3966559!16s%2Fg%2F1pzwcxj87?entry=ttu&g_ep=EgoyMDI1MDEyOC4wIKXMDSoASAFQAw%3D%3D",Desa Wisata Nganggring,Hamdani Dani,Saya senang dgn hewan¬≤ peliharaan,5 bintang,4 tahun lalu,positive,senang hewan pelihara
"https://www.google.com/maps/place/Desa+Wisata+Nganggring/@-7.6067887,110.3963377,19z/data=!4m12!1m5!3m4!2zN8KwMzYnMjQuMSJTIDExMMKwMjMnNDguMyJF!8m2!3d-7.606681!4d110.396749!3m5!1s0x2e7a60ec7f545751:0x794c3cd33bbdc15d!8m2!3d-7.6069053!4d110.3966559!16s%2Fg%2F1pzwcxj87?entry=ttu&g_ep=EgoyMDI1MDEyOC4wIKXMDSoASAFQAw%3D%3D",Desa Wisata Nganggring,Siti Nurhidayah,Produk-produk AAJ berkualitas dan bisa diantar sampai rumah,5 bintang,4 tahun lalu,positive,produkproduk kualitas rumah
"https://www.google.com/maps/place/Desa+Wisata+Nganggring/@-7.6067887,110.3963377,19z/data=!4m12!1m5!3m4!2zN8KwMzYnMjQuMSJTIDExMMKwMjMnNDguMyJF!8m2!3d-7.606681!4d110.396749!3m5!1s0x2e7a60ec7f545751:0x794c3cd33bbdc15d!8m2!3d-7.6069053!4d110.3966559!16s%2Fg%2F1pzwcxj87?entry=ttu&g_ep=EgoyMDI1MDEyOC4wIKXMDSoASAFQAw%3D%3D",Desa Wisata Nganggring,ahmadintya anggit hanggraito,"Keunikan desa ini terfokus pada peternakan kambing ettawa. Susu, wol, kulit dan lain-lain yang dihasilkan oleh masyarakat nganggring.",5 bintang,4 tahun lalu,positive,desa fokus terna kambing ettawa susu kulit lainlain hasil masyarakat nganggring
"https://www.google.com/maps/place/Desa+Wisata+Nganggring/@-7.6067887,110.3963377,19z/data=!4m12!1m5!3m4!2zN8KwMzYnMjQuMSJTIDExMMKwMjMnNDguMyJF!8m2!3d-7.606681!4d110.396749!3m5!1s0x2e7a60ec7f545751:0x794c3cd33bbdc15d!8m2!3d-7.6069053!4d110.3966559!16s%2Fg%2F1pzwcxj87?entry=ttu&g_ep=EgoyMDI1MDEyOC4wIKXMDSoASAFQAw%3D%3D",Desa Wisata Nganggring,Irana Rappe,"Tempat pemerasan susu kambing yg bersih,dan pengolahan pupuk organik",5 bintang,4 tahun lalu,positive,peras susu kambing bersihdan olah pupuk organik
"https://www.google.com/maps/place/Desa+Wisata+Nganggring/@-7.6067887,110.3963377,19z/data=!4m12!1m5!3m4!2zN8KwMzYnMjQuMSJTIDExMMKwMjMnNDguMyJF!8m2!3d-7.606681!4d110.396749!3m5!1s0x2e7a60ec7f545751:0x794c3cd33bbdc15d!8m2!3d-7.6069053!4d110.3966559!16s%2Fg%2F1pzwcxj87?entry=ttu&g_ep=EgoyMDI1MDEyOC4wIKXMDSoASAFQAw%3D%3D",Desa Wisata Nganggring,Ignatius Suryanto,Tempat edukasi ternak kambing,4 bintang,4 tahun lalu,positive,edukasi ternak kambing
"https://www.google.com/maps/place/Desa+Wisata+Nganggring/@-7.6067887,110.3963377,19z/data=!4m12!1m5!3m4!2zN8KwMzYnMjQuMSJTIDExMMKwMjMnNDguMyJF!8m2!3d-7.606681!4d110.396749!3m5!1s0x2e7a60ec7f545751:0x794c3cd33bbdc15d!8m2!3d-7.6069053!4d110.3966559!16s%2Fg%2F1pzwcxj87?entry=ttu&g_ep=EgoyMDI1MDEyOC4wIKXMDSoASAFQAw%3D%3D",Desa Wisata Nganggring,Hartoyoe 18ihfwzt,Pusatnya susu kambing etawa,5 bintang,4 tahun lalu,positive,pusat susu kambing etawa
"https://www.google.com/maps/place/Desa+Wisata+Nganggring/@-7.6067887,110.3963377,19z/data=!4m12!1m5!3m4!2zN8KwMzYnMjQuMSJTIDExMMKwMjMnNDguMyJF!8m2!3d-7.606681!4d110.396749!3m5!1s0x2e7a60ec7f545751:0x794c3cd33bbdc15d!8m2!3d-7.6069053!4d110.3966559!16s%2Fg%2F1pzwcxj87?entry=ttu&g_ep=EgoyMDI1MDEyOC4wIKXMDSoASAFQAw%3D%3D",Desa Wisata Nganggring,Laila Rohmawati,"Banyak pengalaman, pendamping yang sabar dengan anak anak. Semoga semakin sukses",5 bintang,4 tahun lalu,positive,alam damping sabar anak anak moga sukses
"https://www.google.com/maps/place/Desa+Wisata+Nganggring/@-7.6067887,110.3963377,19z/data=!4m12!1m5!3m4!2zN8KwMzYnMjQuMSJTIDExMMKwMjMnNDguMyJF!8m2!3d-7.606681!4d110.396749!3m5!1s0x2e7a60ec7f545751:0x794c3cd33bbdc15d!8m2!3d-7.6069053!4d110.3966559!16s%2Fg%2F1pzwcxj87?entry=ttu&g_ep=EgoyMDI1MDEyOC4wIKXMDSoASAFQAw%3D%3D",Desa Wisata Nganggring,Nida' Nur Azizah,Bisa mengajak anak untuk bercengkrama dengan kambing PE.,5 bintang,5 tahun lalu,positive,ajak anak bercengkrama kambing
"https://www.google.com/maps/place/Desa+Wisata+Nganggring/@-7.6067887,110.3963377,19z/data=!4m12!1m5!3m4!2zN8KwMzYnMjQuMSJTIDExMMKwMjMnNDguMyJF!8m2!3d-7.606681!4d110.396749!3m5!1s0x2e7a60ec7f545751:0x794c3cd33bbdc15d!8m2!3d-7.6069053!4d110.3966559!16s%2Fg%2F1pzwcxj87?entry=ttu&g_ep=EgoyMDI1MDEyOC4wIKXMDSoASAFQAw%3D%3D",Desa Wisata Nganggring,Ratih Melati,Silakan mencoba dan belajar tentang kambing dan susu kambing... Jangan lupa membeli susu kambing dan sabun!,5 bintang,5 tahun lalu,positive,sila coba ajar kambing susu kambing lupa beli susu kambing sabun
"https://www.google.com/maps/place/Desa+Wisata+Nganggring/@-7.6067887,110.3963377,19z/data=!4m12!1m5!3m4!2zN8KwMzYnMjQuMSJTIDExMMKwMjMnNDguMyJF!8m2!3d-7.606681!4d110.396749!3m5!1s0x2e7a60ec7f545751:0x794c3cd33bbdc15d!8m2!3d-7.6069053!4d110.3966559!16s%2Fg%2F1pzwcxj87?entry=ttu&g_ep=EgoyMDI1MDEyOC4wIKXMDSoASAFQAw%3D%3D",Desa Wisata Nganggring,diwan ruri bastian,Tempat asri peternakan kambing etawa,5 bintang,5 tahun lalu,positive,asri terna kambing etawa
"https://www.google.com/maps/place/Desa+Wisata+Nganggring/@-7.6067887,110.3963377,19z/data=!4m12!1m5!3m4!2zN8KwMzYnMjQuMSJTIDExMMKwMjMnNDguMyJF!8m2!3d-7.606681!4d110.396749!3m5!1s0x2e7a60ec7f545751:0x794c3cd33bbdc15d!8m2!3d-7.6069053!4d110.3966559!16s%2Fg%2F1pzwcxj87?entry=ttu&g_ep=EgoyMDI1MDEyOC4wIKXMDSoASAFQAw%3D%3D",Desa Wisata Nganggring,Majiid Sriadi,Kandang ternak desa,5 bintang,5 tahun lalu,positive,kandang ternak desa
"https://www.google.com/maps/place/Desa+Wisata+Nganggring/@-7.6067887,110.3963377,19z/data=!4m12!1m5!3m4!2zN8KwMzYnMjQuMSJTIDExMMKwMjMnNDguMyJF!8m2!3d-7.606681!4d110.396749!3m5!1s0x2e7a60ec7f545751:0x794c3cd33bbdc15d!8m2!3d-7.6069053!4d110.3966559!16s%2Fg%2F1pzwcxj87?entry=ttu&g_ep=EgoyMDI1MDEyOC4wIKXMDSoASAFQAw%3D%3D",Desa Wisata Nganggring,muslicha azizah,Keren sekali....cinta alam,5 bintang,5 tahun lalu,positive,keren sekalicinta alam
"https://www.google.com/maps/place/Desa+Wisata+Nganggring/@-7.6067887,110.3963377,19z/data=!4m12!1m5!3m4!2zN8KwMzYnMjQuMSJTIDExMMKwMjMnNDguMyJF!8m2!3d-7.606681!4d110.396749!3m5!1s0x2e7a60ec7f545751:0x794c3cd33bbdc15d!8m2!3d-7.6069053!4d110.3966559!16s%2Fg%2F1pzwcxj87?entry=ttu&g_ep=EgoyMDI1MDEyOC4wIKXMDSoASAFQAw%3D%3D",Desa Wisata Nganggring,Delta Bontasari,"Hijau, sejuk, nyaman",4 bintang,5 tahun lalu,positive,hijau sejuk nyaman
"https://www.google.com/maps/place/Desa+Wisata+Nganggring/@-7.6067887,110.3963377,19z/data=!4m12!1m5!3m4!2zN8KwMzYnMjQuMSJTIDExMMKwMjMnNDguMyJF!8m2!3d-7.606681!4d110.396749!3m5!1s0x2e7a60ec7f545751:0x794c3cd33bbdc15d!8m2!3d-7.6069053!4d110.3966559!16s%2Fg%2F1pzwcxj87?entry=ttu&g_ep=EgoyMDI1MDEyOC4wIKXMDSoASAFQAw%3D%3D",Desa Wisata Nganggring,Gracea Priscilla,Lumayan buat wisat edukasi,5 bintang,5 tahun lalu,positive,lumayan wisat edukasi
"https://www.google.com/maps/place/Desa+Wisata+Nganggring/@-7.6067887,110.3963377,19z/data=!4m12!1m5!3m4!2zN8KwMzYnMjQuMSJTIDExMMKwMjMnNDguMyJF!8m2!3d-7.606681!4d110.396749!3m5!1s0x2e7a60ec7f545751:0x794c3cd33bbdc15d!8m2!3d-7.6069053!4d110.3966559!16s%2Fg%2F1pzwcxj87?entry=ttu&g_ep=EgoyMDI1MDEyOC4wIKXMDSoASAFQAw%3D%3D",Desa Wisata Nganggring,Fadly Nento,Lokasi strategis,5 bintang,5 tahun lalu,positive,lokasi strategis
"https://www.google.com/maps/place/Desa+Wisata+Nganggring/@-7.6067887,110.3963377,19z/data=!4m12!1m5!3m4!2zN8KwMzYnMjQuMSJTIDExMMKwMjMnNDguMyJF!8m2!3d-7.606681!4d110.396749!3m5!1s0x2e7a60ec7f545751:0x794c3cd33bbdc15d!8m2!3d-7.6069053!4d110.3966559!16s%2Fg%2F1pzwcxj87?entry=ttu&g_ep=EgoyMDI1MDEyOC4wIKXMDSoASAFQAw%3D%3D",Desa Wisata Nganggring,Adelia Ramadhani280,Tempat yg nyaman,5 bintang,5 tahun lalu,positive,nyaman
"https://www.google.com/maps/place/Desa+Wisata+Nganggring/@-7.6067887,110.3963377,19z/data=!4m12!1m5!3m4!2zN8KwMzYnMjQuMSJTIDExMMKwMjMnNDguMyJF!8m2!3d-7.606681!4d110.396749!3m5!1s0x2e7a60ec7f545751:0x794c3cd33bbdc15d!8m2!3d-7.6069053!4d110.3966559!16s%2Fg%2F1pzwcxj87?entry=ttu&g_ep=EgoyMDI1MDEyOC4wIKXMDSoASAFQAw%3D%3D",Desa Wisata Nganggring,Bambang Edi Prasetyo,"Nganggring yang berlokasi di kecamatan Turi kabupaten Sleman sudah lama terkenal akan kambing Peranakan Etawa (PE). Selain dimanfaatkan sebagai komoditi peternakan, kambing PE yang dibudidayakan masyarakat Nganggring juga diambil susunya.

Sehari dua kali (pagi dan sore), peternak memerah susu kambing PE. Hasil perahan langsung dijual ke pabrik susu yang ada di dusun itu. Hasil penjualan susu sangat membantu perekonomian masyarakat Nganggring.

Selain itu, sekelompok ibu-ibu di dusun Nganggring juga mengolah susu kambing PE menjadi sabun dan lotion berbahan dasar susu kambing. Hal ini tentu menambah diversifikasi produk yang dihasilkan masyarakat Nganggring.

Melalui pendampingan dari banyak pihak (Pemkab Sleman, Dinas-dinas terkait, Bank Indonesia, Dompet Dhuafa, LIPI, BPTP) masyarakat Nganggring semakin pandai melihat peluang. Seiring dengan semakin banyaknya wisatawan berkunjung ke Jogja dipadukan dengan potensi sumberdaya yang ada, masyarakat Nganggring berinisiasi mengembangkan destinasi wisata edukasi berbasis peternakan. Di pengunjung dapat belajar dan melihat langsung proses budidaya kambing PE dan pemanfaatan susunya.",5 bintang,5 tahun lalu,positive,nganggring lokasi camat turi kabupaten sleman kenal kambing etawa manfaat komoditi terna kambing dibudidayakan masyarakat nganggring ambil susu kali pagi sore ternak merah susu kambing hasil perah langsung jual pabrik susu dusun hasil jual susu bantu ekonomi masyarakat nganggring kelompok ibuibu dusun nganggring olah susu kambing sabun lotion bahan dasar susu kambing diversifikasi produk hasil masyarakat nganggring damping pemkab sleman dinasdinas kait bank indonesia dompet dhuafa lipi bptp masyarakat nganggring pandai lihat peluang iring wisatawan kunjung jogja padu potensi sumberdaya masyarakat nganggring inisiasi kembang destinasi wisata edukasi terna unjung ajar lihat langsung proses budidaya kambing manfaat susu
"https://www.google.com/maps/place/Desa+Wisata+Nganggring/@-7.6067887,110.3963377,19z/data=!4m12!1m5!3m4!2zN8KwMzYnMjQuMSJTIDExMMKwMjMnNDguMyJF!8m2!3d-7.606681!4d110.396749!3m5!1s0x2e7a60ec7f545751:0x794c3cd33bbdc15d!8m2!3d-7.6069053!4d110.3966559!16s%2Fg%2F1pzwcxj87?entry=ttu&g_ep=EgoyMDI1MDEyOC4wIKXMDSoASAFQAw%3D%3D",Desa Wisata Nganggring,Safitri Umi,"Tempat wisata edukasi yg sangat bagus, terdapat berbagai macam produk olahan susu kambing dari makanan sampai produk kecantikan",5 bintang,5 tahun lalu,positive,wisata edukasi bagus produk olah susu kambing makan produk cantik
"https://www.google.com/maps/place/Desa+Wisata+Nganggring/@-7.6067887,110.3963377,19z/data=!4m12!1m5!3m4!2zN8KwMzYnMjQuMSJTIDExMMKwMjMnNDguMyJF!8m2!3d-7.606681!4d110.396749!3m5!1s0x2e7a60ec7f545751:0x794c3cd33bbdc15d!8m2!3d-7.6069053!4d110.3966559!16s%2Fg%2F1pzwcxj87?entry=ttu&g_ep=EgoyMDI1MDEyOC4wIKXMDSoASAFQAw%3D%3D",Desa Wisata Nganggring,Sunartomedi Suripto,Saya pecinta binatang.,4 bintang,5 tahun lalu,positive,cinta binatang
"https://www.google.com/maps/place/Desa+Wisata+Nganggring/@-7.6067887,110.3963377,19z/data=!4m12!1m5!3m4!2zN8KwMzYnMjQuMSJTIDExMMKwMjMnNDguMyJF!8m2!3d-7.606681!4d110.396749!3m5!1s0x2e7a60ec7f545751:0x794c3cd33bbdc15d!8m2!3d-7.6069053!4d110.3966559!16s%2Fg%2F1pzwcxj87?entry=ttu&g_ep=EgoyMDI1MDEyOC4wIKXMDSoASAFQAw%3D%3D",Desa Wisata Nganggring,savatria devolan,"Sarana wisata edukasi, tempat peternakan kambing etawa. Mantab bisa melihat proses pemerahan susu kambing dan mencicipi produk lainnya. Cocok membawa keluarga. Susasane tenang dan nyaman",5 bintang,5 tahun lalu,positive,sarana wisata edukasi terna kambing etawa mantab lihat proses merah susu kambing cicip produk cocok bawa keluarga susasane tenang nyaman
"https://www.google.com/maps/place/Desa+Wisata+Nganggring/@-7.6067887,110.3963377,19z/data=!4m12!1m5!3m4!2zN8KwMzYnMjQuMSJTIDExMMKwMjMnNDguMyJF!8m2!3d-7.606681!4d110.396749!3m5!1s0x2e7a60ec7f545751:0x794c3cd33bbdc15d!8m2!3d-7.6069053!4d110.3966559!16s%2Fg%2F1pzwcxj87?entry=ttu&g_ep=EgoyMDI1MDEyOC4wIKXMDSoASAFQAw%3D%3D",Desa Wisata Nganggring,Sakinatul Janah,Bagus,4 bintang,5 tahun lalu,positive,bagus
"https://www.google.com/maps/place/Desa+Wisata+Nganggring/@-7.6067887,110.3963377,19z/data=!4m12!1m5!3m4!2zN8KwMzYnMjQuMSJTIDExMMKwMjMnNDguMyJF!8m2!3d-7.606681!4d110.396749!3m5!1s0x2e7a60ec7f545751:0x794c3cd33bbdc15d!8m2!3d-7.6069053!4d110.3966559!16s%2Fg%2F1pzwcxj87?entry=ttu&g_ep=EgoyMDI1MDEyOC4wIKXMDSoASAFQAw%3D%3D",Desa Wisata Nganggring,Mang yayi jaba Widhiartha (Mang yayi),Mendampingi bapak gubernur DIY ke desa organik,4 bintang,5 tahun lalu,positive,damping gubernur desa organik
"https://www.google.com/maps/place/Desa+Wisata+Nganggring/@-7.6067887,110.3963377,19z/data=!4m12!1m5!3m4!2zN8KwMzYnMjQuMSJTIDExMMKwMjMnNDguMyJF!8m2!3d-7.606681!4d110.396749!3m5!1s0x2e7a60ec7f545751:0x794c3cd33bbdc15d!8m2!3d-7.6069053!4d110.3966559!16s%2Fg%2F1pzwcxj87?entry=ttu&g_ep=EgoyMDI1MDEyOC4wIKXMDSoASAFQAw%3D%3D",Desa Wisata Nganggring,Alex Sander,Bagus sejuk nyaman ramah ramah orangnya,5 bintang,5 tahun lalu,positive,bagus sejuk nyaman ramah ramah orang
"https://www.google.com/maps/place/Desa+Wisata+Nganggring/@-7.6067887,110.3963377,19z/data=!4m12!1m5!3m4!2zN8KwMzYnMjQuMSJTIDExMMKwMjMnNDguMyJF!8m2!3d-7.606681!4d110.396749!3m5!1s0x2e7a60ec7f545751:0x794c3cd33bbdc15d!8m2!3d-7.6069053!4d110.3966559!16s%2Fg%2F1pzwcxj87?entry=ttu&g_ep=EgoyMDI1MDEyOC4wIKXMDSoASAFQAw%3D%3D",Desa Wisata Nganggring,YUDI IKHNAM,"Tempat, nyaman, bagus, mudah dijangkau, bisa tanya tanya tentan pertanian dan peternakan organik, pengelolanya santun, sopan dan ramah",5 bintang,5 tahun lalu,positive,nyaman bagus mudah jangkau tentan tani terna organik kelola santun sopan ramah
"https://www.google.com/maps/place/Desa+Wisata+Nganggring/@-7.6067887,110.3963377,19z/data=!4m12!1m5!3m4!2zN8KwMzYnMjQuMSJTIDExMMKwMjMnNDguMyJF!8m2!3d-7.606681!4d110.396749!3m5!1s0x2e7a60ec7f545751:0x794c3cd33bbdc15d!8m2!3d-7.6069053!4d110.3966559!16s%2Fg%2F1pzwcxj87?entry=ttu&g_ep=EgoyMDI1MDEyOC4wIKXMDSoASAFQAw%3D%3D",Desa Wisata Nganggring,Siti Fatimah,üòä ‚Ä¶,5 bintang,5 tahun lalu,positive,
"https://www.google.com/maps/place/Desa+Wisata+Nganggring/@-7.6067887,110.3963377,19z/data=!4m12!1m5!3m4!2zN8KwMzYnMjQuMSJTIDExMMKwMjMnNDguMyJF!8m2!3d-7.606681!4d110.396749!3m5!1s0x2e7a60ec7f545751:0x794c3cd33bbdc15d!8m2!3d-7.6069053!4d110.3966559!16s%2Fg%2F1pzwcxj87?entry=ttu&g_ep=EgoyMDI1MDEyOC4wIKXMDSoASAFQAw%3D%3D",Desa Wisata Nganggring,Puyuh Super,dingin,5 bintang,5 tahun lalu,positive,dingin
"https://www.google.com/maps/place/Desa+Wisata+Nganggring/@-7.6067887,110.3963377,19z/data=!4m12!1m5!3m4!2zN8KwMzYnMjQuMSJTIDExMMKwMjMnNDguMyJF!8m2!3d-7.606681!4d110.396749!3m5!1s0x2e7a60ec7f545751:0x794c3cd33bbdc15d!8m2!3d-7.6069053!4d110.3966559!16s%2Fg%2F1pzwcxj87?entry=ttu&g_ep=EgoyMDI1MDEyOC4wIKXMDSoASAFQAw%3D%3D",Desa Wisata Nganggring,vendy novianto,"anda ingin info dan belajar tentang pengelolaan kelembagaan kelompok dan beternak kambing etawa di sini tempatnya, lokasi di lereng gunung merapi dengan suasana sejuk nyaman...üëçüëç ‚Ä¶",4 bintang,5 tahun lalu,positive,informasi ajar kelola lembaga kelompok ternak kambing etawa lokasi lereng gunung rapi suasana sejuk nyaman
"https://www.google.com/maps/place/Desa+Wisata+Nganggring/@-7.6067887,110.3963377,19z/data=!4m12!1m5!3m4!2zN8KwMzYnMjQuMSJTIDExMMKwMjMnNDguMyJF!8m2!3d-7.606681!4d110.396749!3m5!1s0x2e7a60ec7f545751:0x794c3cd33bbdc15d!8m2!3d-7.6069053!4d110.3966559!16s%2Fg%2F1pzwcxj87?entry=ttu&g_ep=EgoyMDI1MDEyOC4wIKXMDSoASAFQAw%3D%3D",Desa Wisata Nganggring,nadia firdaus,"Salah satu desa binaan dompet dhuafa, keren. Bisa lihat langsung kambing etawa baik yg di ambil susunya maupun yg diperanakkan, pas didepan lokasi kandang juga ada tempat pengolahan susu kambing, dan koperasi yg jual aneka produk turunannya gtuh. Ntaps",5 bintang,5 tahun lalu,positive,salah desa bina dompet dhuafa keren lihat langsung kambing etawa ambil susu anak lokasi kandang olah susu kambing koperasi jual aneka produk turun gtuh ntaps
"https://www.google.com/maps/place/Desa+Wisata+Nganggring/@-7.6067887,110.3963377,19z/data=!4m12!1m5!3m4!2zN8KwMzYnMjQuMSJTIDExMMKwMjMnNDguMyJF!8m2!3d-7.606681!4d110.396749!3m5!1s0x2e7a60ec7f545751:0x794c3cd33bbdc15d!8m2!3d-7.6069053!4d110.3966559!16s%2Fg%2F1pzwcxj87?entry=ttu&g_ep=EgoyMDI1MDEyOC4wIKXMDSoASAFQAw%3D%3D",Desa Wisata Nganggring,argi tarisBeck,"Bagus,, desa dan suasanya nyaman, bersih.. sejuk",4 bintang,5 tahun lalu,positive,bagus desa suasa nyaman bersih sejuk
"https://www.google.com/maps/place/Desa+Wisata+Nganggring/@-7.6067887,110.3963377,19z/data=!4m12!1m5!3m4!2zN8KwMzYnMjQuMSJTIDExMMKwMjMnNDguMyJF!8m2!3d-7.606681!4d110.396749!3m5!1s0x2e7a60ec7f545751:0x794c3cd33bbdc15d!8m2!3d-7.6069053!4d110.3966559!16s%2Fg%2F1pzwcxj87?entry=ttu&g_ep=EgoyMDI1MDEyOC4wIKXMDSoASAFQAw%3D%3D",Desa Wisata Nganggring,pendi tri sutrisno,Ada pabrik susu kambing nyadan kandang kelompok peranakan ettawa,5 bintang,5 tahun lalu,positive,pabrik susu kambing nyadan kandang kelompok ettawa
"https://www.google.com/maps/place/Desa+Wisata+Nganggring/@-7.6067887,110.3963377,19z/data=!4m12!1m5!3m4!2zN8KwMzYnMjQuMSJTIDExMMKwMjMnNDguMyJF!8m2!3d-7.606681!4d110.396749!3m5!1s0x2e7a60ec7f545751:0x794c3cd33bbdc15d!8m2!3d-7.6069053!4d110.3966559!16s%2Fg%2F1pzwcxj87?entry=ttu&g_ep=EgoyMDI1MDEyOC4wIKXMDSoASAFQAw%3D%3D",Desa Wisata Nganggring,Ardiba Sefrienda,Tempat eduwisata yang bagus n mendidik,5 bintang,5 tahun lalu,positive,eduwisata bagus didik
"https://www.google.com/maps/place/Desa+Wisata+Nganggring/@-7.6067887,110.3963377,19z/data=!4m12!1m5!3m4!2zN8KwMzYnMjQuMSJTIDExMMKwMjMnNDguMyJF!8m2!3d-7.606681!4d110.396749!3m5!1s0x2e7a60ec7f545751:0x794c3cd33bbdc15d!8m2!3d-7.6069053!4d110.3966559!16s%2Fg%2F1pzwcxj87?entry=ttu&g_ep=EgoyMDI1MDEyOC4wIKXMDSoASAFQAw%3D%3D",Desa Wisata Nganggring,Ridwan Nur Prasetyo,"Desa wisata yang mantab, sangat bagus untuk edukasi.",5 bintang,5 tahun lalu,positive,desa wisata mantab bagus edukasi
"https://www.google.com/maps/place/Desa+Wisata+Nganggring/@-7.6067887,110.3963377,19z/data=!4m12!1m5!3m4!2zN8KwMzYnMjQuMSJTIDExMMKwMjMnNDguMyJF!8m2!3d-7.606681!4d110.396749!3m5!1s0x2e7a60ec7f545751:0x794c3cd33bbdc15d!8m2!3d-7.6069053!4d110.3966559!16s%2Fg%2F1pzwcxj87?entry=ttu&g_ep=EgoyMDI1MDEyOC4wIKXMDSoASAFQAw%3D%3D",Desa Wisata Nganggring,dewi fatiha,"Buat edukasi sangat cocok, apalagi buat anak-anak kecil",5 bintang,5 tahun lalu,positive,edukasi cocok anakanak
"https://www.google.com/maps/place/Desa+Wisata+Nganggring/@-7.6067887,110.3963377,19z/data=!4m12!1m5!3m4!2zN8KwMzYnMjQuMSJTIDExMMKwMjMnNDguMyJF!8m2!3d-7.606681!4d110.396749!3m5!1s0x2e7a60ec7f545751:0x794c3cd33bbdc15d!8m2!3d-7.6069053!4d110.3966559!16s%2Fg%2F1pzwcxj87?entry=ttu&g_ep=EgoyMDI1MDEyOC4wIKXMDSoASAFQAw%3D%3D",Desa Wisata Nganggring,pendi tri sutrisno,Petani kambing ettawa Bpk. Mustakim Nganggring,5 bintang,5 tahun lalu,positive,tani kambing ettawa mustakim nganggring
"https://www.google.com/maps/place/Desa+Wisata+Nganggring/@-7.6067887,110.3963377,19z/data=!4m12!1m5!3m4!2zN8KwMzYnMjQuMSJTIDExMMKwMjMnNDguMyJF!8m2!3d-7.606681!4d110.396749!3m5!1s0x2e7a60ec7f545751:0x794c3cd33bbdc15d!8m2!3d-7.6069053!4d110.3966559!16s%2Fg%2F1pzwcxj87?entry=ttu&g_ep=EgoyMDI1MDEyOC4wIKXMDSoASAFQAw%3D%3D",Desa Wisata Nganggring,ahmad ghozali,Pusat kelompok ternak kambing peranakan etawa..... Jual beli susu kambing dan tempat pelatihan ternak terpadu,4 bintang,5 tahun lalu,positive,pusat kelompok ternak kambing etawa jual beli susu kambing latih ternak padu
"https://www.google.com/maps/place/Desa+Wisata+Nganggring/@-7.6067887,110.3963377,19z/data=!4m12!1m5!3m4!2zN8KwMzYnMjQuMSJTIDExMMKwMjMnNDguMyJF!8m2!3d-7.606681!4d110.396749!3m5!1s0x2e7a60ec7f545751:0x794c3cd33bbdc15d!8m2!3d-7.6069053!4d110.3966559!16s%2Fg%2F1pzwcxj87?entry=ttu&g_ep=EgoyMDI1MDEyOC4wIKXMDSoASAFQAw%3D%3D",Desa Wisata Nganggring,Mohammad Fadly,Dingin,5 bintang,5 tahun lalu,positive,dingin
"https://www.google.com/maps/place/Desa+Wisata+Nganggring/@-7.6067887,110.3963377,19z/data=!4m12!1m5!3m4!2zN8KwMzYnMjQuMSJTIDExMMKwMjMnNDguMyJF!8m2!3d-7.606681!4d110.396749!3m5!1s0x2e7a60ec7f545751:0x794c3cd33bbdc15d!8m2!3d-7.6069053!4d110.3966559!16s%2Fg%2F1pzwcxj87?entry=ttu&g_ep=EgoyMDI1MDEyOC4wIKXMDSoASAFQAw%3D%3D",Desa Wisata Nganggring,Harjono Tunggal,"Sangt menyenagkn ,  tinggal di desa wisata nganggring",5 bintang,5 tahun lalu,positive,sangt menyenagkn tinggal desa wisata nganggring
"https://www.google.com/maps/place/Desa+Wisata+Nganggring/@-7.6067887,110.3963377,19z/data=!4m12!1m5!3m4!2zN8KwMzYnMjQuMSJTIDExMMKwMjMnNDguMyJF!8m2!3d-7.606681!4d110.396749!3m5!1s0x2e7a60ec7f545751:0x794c3cd33bbdc15d!8m2!3d-7.6069053!4d110.3966559!16s%2Fg%2F1pzwcxj87?entry=ttu&g_ep=EgoyMDI1MDEyOC4wIKXMDSoASAFQAw%3D%3D",Desa Wisata Nganggring,Damas Trisna,"desa yang memfokuskan pada pengembangan peternakan kambing ettawa. bisa dijadikan pusat pembelajaran dan rekreasi. tempat luas, terdapat pendopo, toilet, angkringan. juga akan dikembangkan untuk sarana outbond. dekat dengan lokasi bumi perkemahan lembah merapi.",5 bintang,6 tahun lalu,positive,desa fokus kembang terna kambing ettawa pusat ajar rekreasi luas pendopo toilet angkring kembang sarana outbond lokasi bumi kemah lembah rapi
"https://www.google.com/maps/place/Desa+Wisata+Nganggring/@-7.6067887,110.3963377,19z/data=!4m12!1m5!3m4!2zN8KwMzYnMjQuMSJTIDExMMKwMjMnNDguMyJF!8m2!3d-7.606681!4d110.396749!3m5!1s0x2e7a60ec7f545751:0x794c3cd33bbdc15d!8m2!3d-7.6069053!4d110.3966559!16s%2Fg%2F1pzwcxj87?entry=ttu&g_ep=EgoyMDI1MDEyOC4wIKXMDSoASAFQAw%3D%3D",Desa Wisata Nganggring,Oline solly violet,Jual susu kambing murah,4 bintang,6 tahun lalu,positive,jual susu kambing murah
"https://www.google.com/maps/place/Desa+Wisata+Nganggring/@-7.6067887,110.3963377,19z/data=!4m12!1m5!3m4!2zN8KwMzYnMjQuMSJTIDExMMKwMjMnNDguMyJF!8m2!3d-7.606681!4d110.396749!3m5!1s0x2e7a60ec7f545751:0x794c3cd33bbdc15d!8m2!3d-7.6069053!4d110.3966559!16s%2Fg%2F1pzwcxj87?entry=ttu&g_ep=EgoyMDI1MDEyOC4wIKXMDSoASAFQAw%3D%3D",Desa Wisata Nganggring,Mar Sini,Disini kita bisa melihat peternakan etawa dan produksi susu bubuk.,4 bintang,6 tahun lalu,positive,lihat terna etawa produksi susu bubuk
"https://www.google.com/maps/place/Desa+Wisata+Nganggring/@-7.6067887,110.3963377,19z/data=!4m12!1m5!3m4!2zN8KwMzYnMjQuMSJTIDExMMKwMjMnNDguMyJF!8m2!3d-7.606681!4d110.396749!3m5!1s0x2e7a60ec7f545751:0x794c3cd33bbdc15d!8m2!3d-7.6069053!4d110.3966559!16s%2Fg%2F1pzwcxj87?entry=ttu&g_ep=EgoyMDI1MDEyOC4wIKXMDSoASAFQAw%3D%3D",Desa Wisata Nganggring,Frendy Margiansyah,"Banyak peternak Kambing Peranakan Etawa(PE/Kaligesing), lingkungannya masih ASRI",5 bintang,6 tahun lalu,positive,ternak kambing etawapekaligesing lingkung asri
"https://www.google.com/maps/place/Desa+Wisata+Nganggring/@-7.6067887,110.3963377,19z/data=!4m12!1m5!3m4!2zN8KwMzYnMjQuMSJTIDExMMKwMjMnNDguMyJF!8m2!3d-7.606681!4d110.396749!3m5!1s0x2e7a60ec7f545751:0x794c3cd33bbdc15d!8m2!3d-7.6069053!4d110.3966559!16s%2Fg%2F1pzwcxj87?entry=ttu&g_ep=EgoyMDI1MDEyOC4wIKXMDSoASAFQAw%3D%3D",Desa Wisata Nganggring,balqis humairah,Udaranya segarrr dan airnya seprti surga dunia apalagi di padepokam lembah merapi üëçüí™ ‚Ä¶,5 bintang,6 tahun lalu,positive,udara segarr seprti surga dunia padepokam lembah rapi
"https://www.google.com/maps/place/Desa+Wisata+Nganggring/@-7.6067887,110.3963377,19z/data=!4m12!1m5!3m4!2zN8KwMzYnMjQuMSJTIDExMMKwMjMnNDguMyJF!8m2!3d-7.606681!4d110.396749!3m5!1s0x2e7a60ec7f545751:0x794c3cd33bbdc15d!8m2!3d-7.6069053!4d110.3966559!16s%2Fg%2F1pzwcxj87?entry=ttu&g_ep=EgoyMDI1MDEyOC4wIKXMDSoASAFQAw%3D%3D",Desa Wisata Nganggring,Satiya jati,Tempat yang sejuk dan nyaman dan bagus untuk wisata mengenal budidaya kambing. Ada tim outbound yang bisa dibooking untuk kegiatan kelompok.,5 bintang,6 tahun lalu,positive,sejuk nyaman bagus wisata kenal budidaya kambing outbound dibooking giat kelompok
"https://www.google.com/maps/place/Desa+Wisata+Nganggring/@-7.6067887,110.3963377,19z/data=!4m12!1m5!3m4!2zN8KwMzYnMjQuMSJTIDExMMKwMjMnNDguMyJF!8m2!3d-7.606681!4d110.396749!3m5!1s0x2e7a60ec7f545751:0x794c3cd33bbdc15d!8m2!3d-7.6069053!4d110.3966559!16s%2Fg%2F1pzwcxj87?entry=ttu&g_ep=EgoyMDI1MDEyOC4wIKXMDSoASAFQAw%3D%3D",Desa Wisata Nganggring,Rafid Purwanto,Untuk bersantai...,3 bintang,6 tahun lalu,neutral,santa
"https://www.google.com/maps/place/Desa+Wisata+Nganggring/@-7.6067887,110.3963377,19z/data=!4m12!1m5!3m4!2zN8KwMzYnMjQuMSJTIDExMMKwMjMnNDguMyJF!8m2!3d-7.606681!4d110.396749!3m5!1s0x2e7a60ec7f545751:0x794c3cd33bbdc15d!8m2!3d-7.6069053!4d110.3966559!16s%2Fg%2F1pzwcxj87?entry=ttu&g_ep=EgoyMDI1MDEyOC4wIKXMDSoASAFQAw%3D%3D",Desa Wisata Nganggring,Yudi Mertonadi,"Suasananya sejuk, bersih, dan menenangkan. Di sepanjang jalan pedesaan didominasi banyak kebun buah salak. Warganya ramah-ramah. Ada juga peternakan kambing yang berjejer sangat rapih. Bisa jadi percontohan untuk desa lain dalam mengelola peternakan kambing etawa.",5 bintang,6 tahun lalu,positive,suasana sejuk bersih tenang jalan desa dominasi kebun buah salak warga ramahramah terna kambing jejer rapih contoh desa kelola terna kambing etawa
"https://www.google.com/maps/place/Desa+Wisata+Nganggring/@-7.6067887,110.3963377,19z/data=!4m12!1m5!3m4!2zN8KwMzYnMjQuMSJTIDExMMKwMjMnNDguMyJF!8m2!3d-7.606681!4d110.396749!3m5!1s0x2e7a60ec7f545751:0x794c3cd33bbdc15d!8m2!3d-7.6069053!4d110.3966559!16s%2Fg%2F1pzwcxj87?entry=ttu&g_ep=EgoyMDI1MDEyOC4wIKXMDSoASAFQAw%3D%3D",Desa Wisata Nganggring,Feri Arya,"menambah pengetahuan anak dgn melihat kambing,serta pengolahan susunya",3 bintang,6 tahun lalu,neutral,anak lihat kambingserta olah susu
"https://www.google.com/maps/place/Desa+Wisata+Nganggring/@-7.6067887,110.3963377,19z/data=!4m12!1m5!3m4!2zN8KwMzYnMjQuMSJTIDExMMKwMjMnNDguMyJF!8m2!3d-7.606681!4d110.396749!3m5!1s0x2e7a60ec7f545751:0x794c3cd33bbdc15d!8m2!3d-7.6069053!4d110.3966559!16s%2Fg%2F1pzwcxj87?entry=ttu&g_ep=EgoyMDI1MDEyOC4wIKXMDSoASAFQAw%3D%3D",Desa Wisata Nganggring,Tirto Vaganza,Suka banget dah3x kesini emang ngangeni tempatnya...smg tambah suxes...fasilitas ditingkatkan lagi agar tambah banyak yg kesini...tx,5 bintang,6 tahun lalu,positive,suka banget dahx kesini emang ngangeni tempatnyasmg suxesfasilitas tingkat kesinitx
"https://www.google.com/maps/place/Desa+Wisata+Nganggring/@-7.6067887,110.3963377,19z/data=!4m12!1m5!3m4!2zN8KwMzYnMjQuMSJTIDExMMKwMjMnNDguMyJF!8m2!3d-7.606681!4d110.396749!3m5!1s0x2e7a60ec7f545751:0x794c3cd33bbdc15d!8m2!3d-7.6069053!4d110.3966559!16s%2Fg%2F1pzwcxj87?entry=ttu&g_ep=EgoyMDI1MDEyOC4wIKXMDSoASAFQAw%3D%3D",Desa Wisata Nganggring,Oky Kusumawardana,Asri,5 bintang,6 tahun lalu,positive,asri
"https://www.google.com/maps/place/Desa+Wisata+Nganggring/@-7.6067887,110.3963377,19z/data=!4m12!1m5!3m4!2zN8KwMzYnMjQuMSJTIDExMMKwMjMnNDguMyJF!8m2!3d-7.606681!4d110.396749!3m5!1s0x2e7a60ec7f545751:0x794c3cd33bbdc15d!8m2!3d-7.6069053!4d110.3966559!16s%2Fg%2F1pzwcxj87?entry=ttu&g_ep=EgoyMDI1MDEyOC4wIKXMDSoASAFQAw%3D%3D",Desa Wisata Nganggring,Asthar Al Rosyid,"Nyaman dan sejuk.
Bagus untuk edukasi anak2...",5 bintang,6 tahun lalu,positive,nyaman sejuk bagus edukasi anak
"https://www.google.com/maps/place/Desa+Wisata+Nganggring/@-7.6067887,110.3963377,19z/data=!4m12!1m5!3m4!2zN8KwMzYnMjQuMSJTIDExMMKwMjMnNDguMyJF!8m2!3d-7.606681!4d110.396749!3m5!1s0x2e7a60ec7f545751:0x794c3cd33bbdc15d!8m2!3d-7.6069053!4d110.3966559!16s%2Fg%2F1pzwcxj87?entry=ttu&g_ep=EgoyMDI1MDEyOC4wIKXMDSoASAFQAw%3D%3D",Desa Wisata Nganggring,Susi Rubiyati,Bumi perkemahan yg nyaman,3 bintang,6 tahun lalu,neutral,bumi kemah nyaman
"https://www.google.com/maps/place/Desa+Wisata+Nganggring/@-7.6067887,110.3963377,19z/data=!4m12!1m5!3m4!2zN8KwMzYnMjQuMSJTIDExMMKwMjMnNDguMyJF!8m2!3d-7.606681!4d110.396749!3m5!1s0x2e7a60ec7f545751:0x794c3cd33bbdc15d!8m2!3d-7.6069053!4d110.3966559!16s%2Fg%2F1pzwcxj87?entry=ttu&g_ep=EgoyMDI1MDEyOC4wIKXMDSoASAFQAw%3D%3D",Desa Wisata Nganggring,rika meita,Tempay cari susu kambing kualitas oke,4 bintang,6 tahun lalu,positive,tempay cari susu kambing kualitas
"https://www.google.com/maps/place/Desa+Wisata+Nganggring/@-7.6067887,110.3963377,19z/data=!4m12!1m5!3m4!2zN8KwMzYnMjQuMSJTIDExMMKwMjMnNDguMyJF!8m2!3d-7.606681!4d110.396749!3m5!1s0x2e7a60ec7f545751:0x794c3cd33bbdc15d!8m2!3d-7.6069053!4d110.3966559!16s%2Fg%2F1pzwcxj87?entry=ttu&g_ep=EgoyMDI1MDEyOC4wIKXMDSoASAFQAw%3D%3D",Desa Wisata Nganggring,Usman Nafis,Ternaknya luar biasa,5 bintang,6 tahun lalu,positive,ternak
"https://www.google.com/maps/place/Desa+Wisata+Nganggring/@-7.6067887,110.3963377,19z/data=!4m12!1m5!3m4!2zN8KwMzYnMjQuMSJTIDExMMKwMjMnNDguMyJF!8m2!3d-7.606681!4d110.396749!3m5!1s0x2e7a60ec7f545751:0x794c3cd33bbdc15d!8m2!3d-7.6069053!4d110.3966559!16s%2Fg%2F1pzwcxj87?entry=ttu&g_ep=EgoyMDI1MDEyOC4wIKXMDSoASAFQAw%3D%3D",Desa Wisata Nganggring,Maryu dianto,"tempat yg nyaman, jauh polusi bisa lihat lihat pemandangan merapi dan bisa minum susu kambing sambil berfoto",3 bintang,6 tahun lalu,neutral,nyaman polusi lihat lihat pandang rapi minum susu kambing foto
"https://www.google.com/maps/place/Desa+Wisata+Nganggring/@-7.6067887,110.3963377,19z/data=!4m12!1m5!3m4!2zN8KwMzYnMjQuMSJTIDExMMKwMjMnNDguMyJF!8m2!3d-7.606681!4d110.396749!3m5!1s0x2e7a60ec7f545751:0x794c3cd33bbdc15d!8m2!3d-7.6069053!4d110.3966559!16s%2Fg%2F1pzwcxj87?entry=ttu&g_ep=EgoyMDI1MDEyOC4wIKXMDSoASAFQAw%3D%3D",Desa Wisata Nganggring,abal abal chanel,Contes piala raja,5 bintang,6 tahun lalu,positive,contes piala raja
"https://www.google.com/maps/place/Desa+Wisata+Nganggring/@-7.6067887,110.3963377,19z/data=!4m12!1m5!3m4!2zN8KwMzYnMjQuMSJTIDExMMKwMjMnNDguMyJF!8m2!3d-7.606681!4d110.396749!3m5!1s0x2e7a60ec7f545751:0x794c3cd33bbdc15d!8m2!3d-7.6069053!4d110.3966559!16s%2Fg%2F1pzwcxj87?entry=ttu&g_ep=EgoyMDI1MDEyOC4wIKXMDSoASAFQAw%3D%3D",Desa Wisata Nganggring,Andree Setiawan,Kampung wisata ternak Kambing PE yang profesional,5 bintang,6 tahun lalu,positive,kampung wisata ternak kambing profesional
"https://www.google.com/maps/place/Desa+Wisata+Nganggring/@-7.6067887,110.3963377,19z/data=!4m12!1m5!3m4!2zN8KwMzYnMjQuMSJTIDExMMKwMjMnNDguMyJF!8m2!3d-7.606681!4d110.396749!3m5!1s0x2e7a60ec7f545751:0x794c3cd33bbdc15d!8m2!3d-7.6069053!4d110.3966559!16s%2Fg%2F1pzwcxj87?entry=ttu&g_ep=EgoyMDI1MDEyOC4wIKXMDSoASAFQAw%3D%3D",Desa Wisata Nganggring,wikan saptogiri,Bagus,5 bintang,6 tahun lalu,positive,bagus
"https://www.google.com/maps/place/Desa+Wisata+Nganggring/@-7.6067887,110.3963377,19z/data=!4m12!1m5!3m4!2zN8KwMzYnMjQuMSJTIDExMMKwMjMnNDguMyJF!8m2!3d-7.606681!4d110.396749!3m5!1s0x2e7a60ec7f545751:0x794c3cd33bbdc15d!8m2!3d-7.6069053!4d110.3966559!16s%2Fg%2F1pzwcxj87?entry=ttu&g_ep=EgoyMDI1MDEyOC4wIKXMDSoASAFQAw%3D%3D",Desa Wisata Nganggring,Asmaul Husna,"Tempat yang bagus untuk edukasi peternakan, khususnya untuk ""kambing ettawa/kaligesing"". Kalau sampai disini jangan lupa mampir ke angkringan.",5 bintang,6 tahun lalu,positive,bagus edukasi terna khusus kambing ettawakaligesing lupa mampir angkring
"https://www.google.com/maps/place/Desa+Wisata+Nganggring/@-7.6067887,110.3963377,19z/data=!4m12!1m5!3m4!2zN8KwMzYnMjQuMSJTIDExMMKwMjMnNDguMyJF!8m2!3d-7.606681!4d110.396749!3m5!1s0x2e7a60ec7f545751:0x794c3cd33bbdc15d!8m2!3d-7.6069053!4d110.3966559!16s%2Fg%2F1pzwcxj87?entry=ttu&g_ep=EgoyMDI1MDEyOC4wIKXMDSoASAFQAw%3D%3D",Desa Wisata Nganggring,Jay Chen,Ekowisata yg memberdayakan masyarakat sekitarnya,5 bintang,6 tahun lalu,positive,ekowisata daya masyarakat
"https://www.google.com/maps/place/Desa+Wisata+Nganggring/@-7.6067887,110.3963377,19z/data=!4m12!1m5!3m4!2zN8KwMzYnMjQuMSJTIDExMMKwMjMnNDguMyJF!8m2!3d-7.606681!4d110.396749!3m5!1s0x2e7a60ec7f545751:0x794c3cd33bbdc15d!8m2!3d-7.6069053!4d110.3966559!16s%2Fg%2F1pzwcxj87?entry=ttu&g_ep=EgoyMDI1MDEyOC4wIKXMDSoASAFQAw%3D%3D",Desa Wisata Nganggring,Satwikanti Maeswari,Bagus,5 bintang,6 tahun lalu,positive,bagus
"https://www.google.com/maps/place/Desa+Wisata+Nganggring/@-7.6067887,110.3963377,19z/data=!4m12!1m5!3m4!2zN8KwMzYnMjQuMSJTIDExMMKwMjMnNDguMyJF!8m2!3d-7.606681!4d110.396749!3m5!1s0x2e7a60ec7f545751:0x794c3cd33bbdc15d!8m2!3d-7.6069053!4d110.3966559!16s%2Fg%2F1pzwcxj87?entry=ttu&g_ep=EgoyMDI1MDEyOC4wIKXMDSoASAFQAw%3D%3D",Desa Wisata Nganggring,Ini Karya Rafa,Temoat Wisata yang unik,5 bintang,6 tahun lalu,positive,temoat wisata unik
"https://www.google.com/maps/place/Desa+Wisata+Nganggring/@-7.6067887,110.3963377,19z/data=!4m12!1m5!3m4!2zN8KwMzYnMjQuMSJTIDExMMKwMjMnNDguMyJF!8m2!3d-7.606681!4d110.396749!3m5!1s0x2e7a60ec7f545751:0x794c3cd33bbdc15d!8m2!3d-7.6069053!4d110.3966559!16s%2Fg%2F1pzwcxj87?entry=ttu&g_ep=EgoyMDI1MDEyOC4wIKXMDSoASAFQAw%3D%3D",Desa Wisata Nganggring,TIM PEMANASAN VOLI,Bagus,5 bintang,6 tahun lalu,positive,bagus
"https://www.google.com/maps/place/Desa+Wisata+Nganggring/@-7.6067887,110.3963377,19z/data=!4m12!1m5!3m4!2zN8KwMzYnMjQuMSJTIDExMMKwMjMnNDguMyJF!8m2!3d-7.606681!4d110.396749!3m5!1s0x2e7a60ec7f545751:0x794c3cd33bbdc15d!8m2!3d-7.6069053!4d110.3966559!16s%2Fg%2F1pzwcxj87?entry=ttu&g_ep=EgoyMDI1MDEyOC4wIKXMDSoASAFQAw%3D%3D",Desa Wisata Nganggring,Oktav Via,Sipp,5 bintang,6 tahun lalu,positive,sipp
"https://www.google.com/maps/place/Desa+Wisata+Nganggring/@-7.6067887,110.3963377,19z/data=!4m12!1m5!3m4!2zN8KwMzYnMjQuMSJTIDExMMKwMjMnNDguMyJF!8m2!3d-7.606681!4d110.396749!3m5!1s0x2e7a60ec7f545751:0x794c3cd33bbdc15d!8m2!3d-7.6069053!4d110.3966559!16s%2Fg%2F1pzwcxj87?entry=ttu&g_ep=EgoyMDI1MDEyOC4wIKXMDSoASAFQAw%3D%3D",Desa Wisata Nganggring,DIDIK ISDIYANTA,Alamnya sejuk dan indah,5 bintang,6 tahun lalu,positive,alam sejuk indah
"https://www.google.com/maps/place/Desa+Wisata+Nganggring/@-7.6067887,110.3963377,19z/data=!4m12!1m5!3m4!2zN8KwMzYnMjQuMSJTIDExMMKwMjMnNDguMyJF!8m2!3d-7.606681!4d110.396749!3m5!1s0x2e7a60ec7f545751:0x794c3cd33bbdc15d!8m2!3d-7.6069053!4d110.3966559!16s%2Fg%2F1pzwcxj87?entry=ttu&g_ep=EgoyMDI1MDEyOC4wIKXMDSoASAFQAw%3D%3D",Desa Wisata Nganggring,Heru Widodo,Udara yang sejuk dan segar...,4 bintang,6 tahun lalu,positive,udara sejuk segar
"https://www.google.com/maps/place/Desa+Wisata+Nganggring/@-7.6067887,110.3963377,19z/data=!4m12!1m5!3m4!2zN8KwMzYnMjQuMSJTIDExMMKwMjMnNDguMyJF!8m2!3d-7.606681!4d110.396749!3m5!1s0x2e7a60ec7f545751:0x794c3cd33bbdc15d!8m2!3d-7.6069053!4d110.3966559!16s%2Fg%2F1pzwcxj87?entry=ttu&g_ep=EgoyMDI1MDEyOC4wIKXMDSoASAFQAw%3D%3D",Desa Wisata Nganggring,Rachmat Maulana Yusuf (Adhe Rahmay),harusnya tempat seperti ini lebih di perhatikan,5 bintang,6 tahun lalu,positive,perhati
"https://www.google.com/maps/place/Desa+Wisata+Nganggring/@-7.6067887,110.3963377,19z/data=!4m12!1m5!3m4!2zN8KwMzYnMjQuMSJTIDExMMKwMjMnNDguMyJF!8m2!3d-7.606681!4d110.396749!3m5!1s0x2e7a60ec7f545751:0x794c3cd33bbdc15d!8m2!3d-7.6069053!4d110.3966559!16s%2Fg%2F1pzwcxj87?entry=ttu&g_ep=EgoyMDI1MDEyOC4wIKXMDSoASAFQAw%3D%3D",Desa Wisata Nganggring,Mosa Hidayati,Sejuk banget tempatnya üòÅ ‚Ä¶,4 bintang,6 tahun lalu,positive,sejuk banget
"https://www.google.com/maps/place/Desa+Wisata+Nganggring/@-7.6067887,110.3963377,19z/data=!4m12!1m5!3m4!2zN8KwMzYnMjQuMSJTIDExMMKwMjMnNDguMyJF!8m2!3d-7.606681!4d110.396749!3m5!1s0x2e7a60ec7f545751:0x794c3cd33bbdc15d!8m2!3d-7.6069053!4d110.3966559!16s%2Fg%2F1pzwcxj87?entry=ttu&g_ep=EgoyMDI1MDEyOC4wIKXMDSoASAFQAw%3D%3D",Desa Wisata Nganggring,windu dolandolan,"Desa wisata nganggring, girikerto, turi. Sebuah desa wisata yang memproduksi susu kambing etawa. Pemerahan susu kambing etawa dilakukan setiap pagi sekitar pukul 06.00. Hasil perah tersebut kemudian di stor ke pengepul. Kemudian diolah. Tapi konco dolan tidak perlu kawatir kalau tidak bisa bangun pagi, karena di sini juga tersedia susu yang audah diolah dalam bentuk susu bubuk. Di nganggring juga bisa melakukan susur sungai. Belum banyak yang sempet saya eksplore tadi, next kudi baleniiiiiih. Salam #dolandolan",4 bintang,6 tahun lalu,positive,desa wisata nganggring girikerto turi buah desa wisata produksi susu kambing etawa merah susu kambing etawa laku pagi hasil perah stor kepul olah konco dolan kawatir bangun pagi sedia susu audah olah bentuk susu bubuk nganggring laku susur sungai eksplore kudi baleniih salam
"https://www.google.com/maps/place/Desa+Wisata+Nganggring/@-7.6067887,110.3963377,19z/data=!4m12!1m5!3m4!2zN8KwMzYnMjQuMSJTIDExMMKwMjMnNDguMyJF!8m2!3d-7.606681!4d110.396749!3m5!1s0x2e7a60ec7f545751:0x794c3cd33bbdc15d!8m2!3d-7.6069053!4d110.3966559!16s%2Fg%2F1pzwcxj87?entry=ttu&g_ep=EgoyMDI1MDEyOC4wIKXMDSoASAFQAw%3D%3D",Desa Wisata Nganggring,kabul prasetya,Mo nonton kambing PE istimewa...? Ato mau cari bibit kambing PE... recomended lah tempat ini... ato mau wisata susur sungai juga ada...guide muda2 n ramah2 kog...,5 bintang,6 tahun lalu,positive,nonton kambing istimewa cari bibit kambing recomended wisata susur sungai adaguide muda ramah
"https://www.google.com/maps/place/Desa+Wisata+Nganggring/@-7.6067887,110.3963377,19z/data=!4m12!1m5!3m4!2zN8KwMzYnMjQuMSJTIDExMMKwMjMnNDguMyJF!8m2!3d-7.606681!4d110.396749!3m5!1s0x2e7a60ec7f545751:0x794c3cd33bbdc15d!8m2!3d-7.6069053!4d110.3966559!16s%2Fg%2F1pzwcxj87?entry=ttu&g_ep=EgoyMDI1MDEyOC4wIKXMDSoASAFQAw%3D%3D",Desa Wisata Nganggring,agus purwo,Desa penghasil susu kambing dan salak,4 bintang,6 tahun lalu,positive,desa hasil susu kambing salak
"https://www.google.com/maps/place/Desa+Wisata+Nganggring/@-7.6067887,110.3963377,19z/data=!4m12!1m5!3m4!2zN8KwMzYnMjQuMSJTIDExMMKwMjMnNDguMyJF!8m2!3d-7.606681!4d110.396749!3m5!1s0x2e7a60ec7f545751:0x794c3cd33bbdc15d!8m2!3d-7.6069053!4d110.3966559!16s%2Fg%2F1pzwcxj87?entry=ttu&g_ep=EgoyMDI1MDEyOC4wIKXMDSoASAFQAw%3D%3D",Desa Wisata Nganggring,Nur Widdya Kurniati,"Desa wisata yang rekommended untuk dikunjungi, ada edukasi peternakan kambing PE, pengolahan susu menjadi susu bubuk, pengolahan limbah kambing menjadi pupuk organik, ada paket wisata menarik seperti susur sungai, outbond, dan sebagainya. Selain itu kalau lapar di sini juga dapat warung yg menyediakan berbagai makanan dan minuman terutama minuman dari olahan susu kambing, ada pula panggung pentas dan lapangan rumput yang lumayan luas. Eh iya, disini ga berbau kambing yaaa walaupun peternakan kambing, soalnya kambing dan kandangnya bener2 dijaga kebersihannya.",5 bintang,6 tahun lalu,positive,desa wisata rekommended kunjung edukasi terna kambing olah susu susu bubuk olah limbah kambing pupuk organik paket wisata tarik susur sungai outbond lapar warung sedia makan minum utama minum olah susu kambing panggung pentas lapang rumput lumayan luas kambing terna kambing kambing kandang jaga bersih
"https://www.google.com/maps/place/Desa+Wisata+Nganggring/@-7.6067887,110.3963377,19z/data=!4m12!1m5!3m4!2zN8KwMzYnMjQuMSJTIDExMMKwMjMnNDguMyJF!8m2!3d-7.606681!4d110.396749!3m5!1s0x2e7a60ec7f545751:0x794c3cd33bbdc15d!8m2!3d-7.6069053!4d110.3966559!16s%2Fg%2F1pzwcxj87?entry=ttu&g_ep=EgoyMDI1MDEyOC4wIKXMDSoASAFQAw%3D%3D",Desa Wisata Nganggring,Iwan ZetyawanRockz,"Sejuk, tenang, damai, sederhana & mendidik!",5 bintang,6 tahun lalu,positive,sejuk tenang damai sederhana didik
"https://www.google.com/maps/place/Desa+Wisata+Nganggring/@-7.6067887,110.3963377,19z/data=!4m12!1m5!3m4!2zN8KwMzYnMjQuMSJTIDExMMKwMjMnNDguMyJF!8m2!3d-7.606681!4d110.396749!3m5!1s0x2e7a60ec7f545751:0x794c3cd33bbdc15d!8m2!3d-7.6069053!4d110.3966559!16s%2Fg%2F1pzwcxj87?entry=ttu&g_ep=EgoyMDI1MDEyOC4wIKXMDSoASAFQAw%3D%3D",Desa Wisata Nganggring,Gembel Gaming,Mari kita terus menjadi desa yang indah dan sejahtera..... Teruslah berinovasi dan semangat membangun desa üí™ ‚Ä¶,5 bintang,6 tahun lalu,positive,desa indah sejahtera inovasi semangat bangun desa
"https://www.google.com/maps/place/Desa+Wisata+Nganggring/@-7.6067887,110.3963377,19z/data=!4m12!1m5!3m4!2zN8KwMzYnMjQuMSJTIDExMMKwMjMnNDguMyJF!8m2!3d-7.606681!4d110.396749!3m5!1s0x2e7a60ec7f545751:0x794c3cd33bbdc15d!8m2!3d-7.6069053!4d110.3966559!16s%2Fg%2F1pzwcxj87?entry=ttu&g_ep=EgoyMDI1MDEyOC4wIKXMDSoASAFQAw%3D%3D",Desa Wisata Nganggring,Mark The flower,"Desa di lereng selatan merapi, masuk kec Turi.. mempunyai kelompok petani kambing PE, susu kambing serta bumi perkemahan ...",4 bintang,6 tahun lalu,positive,desa lereng selatan rapi masuk camat turi kelompok tani kambing susu kambing bumi kemah
"https://www.google.com/maps/place/Desa+Wisata+Nganggring/@-7.6067887,110.3963377,19z/data=!4m12!1m5!3m4!2zN8KwMzYnMjQuMSJTIDExMMKwMjMnNDguMyJF!8m2!3d-7.606681!4d110.396749!3m5!1s0x2e7a60ec7f545751:0x794c3cd33bbdc15d!8m2!3d-7.6069053!4d110.3966559!16s%2Fg%2F1pzwcxj87?entry=ttu&g_ep=EgoyMDI1MDEyOC4wIKXMDSoASAFQAw%3D%3D",Desa Wisata Nganggring,Hazanariah,"Tempat yang nyaman,tenang,sejuk dan beredukasi",5 bintang,6 tahun lalu,positive,nyamantenangsejuk edukasi
"https://www.google.com/maps/place/Desa+Wisata+Nganggring/@-7.6067887,110.3963377,19z/data=!4m12!1m5!3m4!2zN8KwMzYnMjQuMSJTIDExMMKwMjMnNDguMyJF!8m2!3d-7.606681!4d110.396749!3m5!1s0x2e7a60ec7f545751:0x794c3cd33bbdc15d!8m2!3d-7.6069053!4d110.3966559!16s%2Fg%2F1pzwcxj87?entry=ttu&g_ep=EgoyMDI1MDEyOC4wIKXMDSoASAFQAw%3D%3D",Desa Wisata Nganggring,Markoes Padmonegoro,"Desa yang berada di lereng merapi, sejuk. damai. Ternak kambing PE masih menjadi andalan. Sejak 2007 desa ini menyuguhkan bumi perkemahan Lembah Merapi..",4 bintang,6 tahun lalu,positive,desa lereng rapi sejuk damai ternak kambing andal desa suguh bumi kemah lembah rapi
"https://www.google.com/maps/place/Desa+Wisata+Nganggring/@-7.6067887,110.3963377,19z/data=!4m12!1m5!3m4!2zN8KwMzYnMjQuMSJTIDExMMKwMjMnNDguMyJF!8m2!3d-7.606681!4d110.396749!3m5!1s0x2e7a60ec7f545751:0x794c3cd33bbdc15d!8m2!3d-7.6069053!4d110.3966559!16s%2Fg%2F1pzwcxj87?entry=ttu&g_ep=EgoyMDI1MDEyOC4wIKXMDSoASAFQAw%3D%3D",Desa Wisata Nganggring,Alfi Bagoes,"Suasana sejuk , nyaman. Banyak peternakan kambing , dan pabrik pengolahan susu kambing bubuk . Cocok untuk liburan sambil belajar",5 bintang,6 tahun lalu,positive,suasana sejuk nyaman terna kambing pabrik olah susu kambing bubuk cocok libur ajar
"https://www.google.com/maps/place/Desa+Wisata+Nganggring/@-7.6067887,110.3963377,19z/data=!4m12!1m5!3m4!2zN8KwMzYnMjQuMSJTIDExMMKwMjMnNDguMyJF!8m2!3d-7.606681!4d110.396749!3m5!1s0x2e7a60ec7f545751:0x794c3cd33bbdc15d!8m2!3d-7.6069053!4d110.3966559!16s%2Fg%2F1pzwcxj87?entry=ttu&g_ep=EgoyMDI1MDEyOC4wIKXMDSoASAFQAw%3D%3D",Desa Wisata Nganggring,fitri agustina,Peternakan kambing yg menghasilkan susu etawa,5 bintang,6 tahun lalu,positive,terna kambing hasil susu etawa
"https://www.google.com/maps/place/Desa+Wisata+Nganggring/@-7.6067887,110.3963377,19z/data=!4m12!1m5!3m4!2zN8KwMzYnMjQuMSJTIDExMMKwMjMnNDguMyJF!8m2!3d-7.606681!4d110.396749!3m5!1s0x2e7a60ec7f545751:0x794c3cd33bbdc15d!8m2!3d-7.6069053!4d110.3966559!16s%2Fg%2F1pzwcxj87?entry=ttu&g_ep=EgoyMDI1MDEyOC4wIKXMDSoASAFQAw%3D%3D",Desa Wisata Nganggring,Deni Y Setiawan,desa asri dengan warganya yang sangat ramah cocok untuk berwisata keluarga saat musim liburan,4 bintang,6 tahun lalu,positive,desa asri warga ramah cocok wisata keluarga musim libur
"https://www.google.com/maps/place/Desa+Wisata+Nganggring/@-7.6067887,110.3963377,19z/data=!4m12!1m5!3m4!2zN8KwMzYnMjQuMSJTIDExMMKwMjMnNDguMyJF!8m2!3d-7.606681!4d110.396749!3m5!1s0x2e7a60ec7f545751:0x794c3cd33bbdc15d!8m2!3d-7.6069053!4d110.3966559!16s%2Fg%2F1pzwcxj87?entry=ttu&g_ep=EgoyMDI1MDEyOC4wIKXMDSoASAFQAw%3D%3D",Desa Wisata Nganggring,Ervin Triono,Daerah ini merupakan daerah wisata yang menyajikan olahan susu kmbing dan juga olahan salak,5 bintang,6 tahun lalu,positive,daerah rupa daerah wisata saji olah susu kmbing olah salak
"https://www.google.com/maps/place/Desa+Wisata+Nganggring/@-7.6067887,110.3963377,19z/data=!4m12!1m5!3m4!2zN8KwMzYnMjQuMSJTIDExMMKwMjMnNDguMyJF!8m2!3d-7.606681!4d110.396749!3m5!1s0x2e7a60ec7f545751:0x794c3cd33bbdc15d!8m2!3d-7.6069053!4d110.3966559!16s%2Fg%2F1pzwcxj87?entry=ttu&g_ep=EgoyMDI1MDEyOC4wIKXMDSoASAFQAw%3D%3D",Desa Wisata Nganggring,"SAROJI, SPsi","Sangat bagus, karena saya punya sedikit cerita di tempat ini",5 bintang,7 tahun lalu,positive,bagus cerita
"https://www.google.com/maps/place/Desa+Wisata+Nganggring/@-7.6067887,110.3963377,19z/data=!4m12!1m5!3m4!2zN8KwMzYnMjQuMSJTIDExMMKwMjMnNDguMyJF!8m2!3d-7.606681!4d110.396749!3m5!1s0x2e7a60ec7f545751:0x794c3cd33bbdc15d!8m2!3d-7.6069053!4d110.3966559!16s%2Fg%2F1pzwcxj87?entry=ttu&g_ep=EgoyMDI1MDEyOC4wIKXMDSoASAFQAw%3D%3D",Desa Wisata Nganggring,Jogjaspot,"Desa wisata yang cukup nyaman,  asri dengan wahana budaya,  kebun dan gardu pandang.  Namun, pengelolaan tempat wisata ini belum maksimal, butuh keseriusan untuk mengangkat potensi desa wisata. Maksimalkan dengan mendayagunakan potensi masyarakat dan lingkungan sekitar.",3 bintang,7 tahun lalu,neutral,desa wisata nyaman asri wahana budaya kebun gardu pandang kelola wisata maksimal butuh serius angkat potensi desa wisata maksimal mendayagunakan potensi masyarakat lingkung
"https://www.google.com/maps/place/Desa+Wisata+Nganggring/@-7.6067887,110.3963377,19z/data=!4m12!1m5!3m4!2zN8KwMzYnMjQuMSJTIDExMMKwMjMnNDguMyJF!8m2!3d-7.606681!4d110.396749!3m5!1s0x2e7a60ec7f545751:0x794c3cd33bbdc15d!8m2!3d-7.6069053!4d110.3966559!16s%2Fg%2F1pzwcxj87?entry=ttu&g_ep=EgoyMDI1MDEyOC4wIKXMDSoASAFQAw%3D%3D",Desa Wisata Nganggring,Ben Jojo,Wow....,5 bintang,7 tahun lalu,positive,
"https://www.google.com/maps/place/Desa+Wisata+Nganggring/@-7.6067887,110.3963377,19z/data=!4m12!1m5!3m4!2zN8KwMzYnMjQuMSJTIDExMMKwMjMnNDguMyJF!8m2!3d-7.606681!4d110.396749!3m5!1s0x2e7a60ec7f545751:0x794c3cd33bbdc15d!8m2!3d-7.6069053!4d110.3966559!16s%2Fg%2F1pzwcxj87?entry=ttu&g_ep=EgoyMDI1MDEyOC4wIKXMDSoASAFQAw%3D%3D",Desa Wisata Nganggring,Satoto Jagad,liburan yang bagus tapi tidak terorganisir,4 bintang,7 tahun lalu,positive,libur bagus organisir
"https://www.google.com/maps/place/Desa+Wisata+Nganggring/@-7.6067887,110.3963377,19z/data=!4m12!1m5!3m4!2zN8KwMzYnMjQuMSJTIDExMMKwMjMnNDguMyJF!8m2!3d-7.606681!4d110.396749!3m5!1s0x2e7a60ec7f545751:0x794c3cd33bbdc15d!8m2!3d-7.6069053!4d110.3966559!16s%2Fg%2F1pzwcxj87?entry=ttu&g_ep=EgoyMDI1MDEyOC4wIKXMDSoASAFQAw%3D%3D",Desa Wisata Nganggring,Partob T,Lokasi wisata yg sejuk dan dingin,3 bintang,7 tahun lalu,neutral,lokasi wisata sejuk dingin
"https://www.google.com/maps/place/Desa+Wisata+Nganggring/@-7.6067887,110.3963377,19z/data=!4m12!1m5!3m4!2zN8KwMzYnMjQuMSJTIDExMMKwMjMnNDguMyJF!8m2!3d-7.606681!4d110.396749!3m5!1s0x2e7a60ec7f545751:0x794c3cd33bbdc15d!8m2!3d-7.6069053!4d110.3966559!16s%2Fg%2F1pzwcxj87?entry=ttu&g_ep=EgoyMDI1MDEyOC4wIKXMDSoASAFQAw%3D%3D",Desa Wisata Nganggring,Latif Usman,Tempat yang bagus untuk pendidikan pertanian,5 bintang,7 tahun lalu,positive,bagus didik tani
"https://www.google.com/maps/place/Desa+Wisata+Nganggring/@-7.6067887,110.3963377,19z/data=!4m12!1m5!3m4!2zN8KwMzYnMjQuMSJTIDExMMKwMjMnNDguMyJF!8m2!3d-7.606681!4d110.396749!3m5!1s0x2e7a60ec7f545751:0x794c3cd33bbdc15d!8m2!3d-7.6069053!4d110.3966559!16s%2Fg%2F1pzwcxj87?entry=ttu&g_ep=EgoyMDI1MDEyOC4wIKXMDSoASAFQAw%3D%3D",Desa Wisata Nganggring,Royyan Hukma,Mantap jaya,5 bintang,7 tahun lalu,positive,mantap jaya
"https://www.google.com/maps/place/Desa+Wisata+Nganggring/@-7.6067887,110.3963377,19z/data=!4m12!1m5!3m4!2zN8KwMzYnMjQuMSJTIDExMMKwMjMnNDguMyJF!8m2!3d-7.606681!4d110.396749!3m5!1s0x2e7a60ec7f545751:0x794c3cd33bbdc15d!8m2!3d-7.6069053!4d110.3966559!16s%2Fg%2F1pzwcxj87?entry=ttu&g_ep=EgoyMDI1MDEyOC4wIKXMDSoASAFQAw%3D%3D",Desa Wisata Nganggring,Purwanto Iwan,Masih alami smua..,5 bintang,8 tahun lalu,positive,alami smua
"https://www.google.com/maps/place/Desa+Wisata+Nganggring/@-7.6067887,110.3963377,19z/data=!4m12!1m5!3m4!2zN8KwMzYnMjQuMSJTIDExMMKwMjMnNDguMyJF!8m2!3d-7.606681!4d110.396749!3m5!1s0x2e7a60ec7f545751:0x794c3cd33bbdc15d!8m2!3d-7.6069053!4d110.3966559!16s%2Fg%2F1pzwcxj87?entry=ttu&g_ep=EgoyMDI1MDEyOC4wIKXMDSoASAFQAw%3D%3D",Desa Wisata Nganggring,Bagus Heryoko,"Benar-benar sempurna, tempat yang tepat untuk melepas penat dari aktivitas atau aktivitas perkotaan",5 bintang,8 tahun lalu,positive,benarbenar sempurna lepas penat aktivitas aktivitas kota
"https://www.google.com/maps/place/Desa+Wisata+Nganggring/@-7.6067887,110.3963377,19z/data=!4m12!1m5!3m4!2zN8KwMzYnMjQuMSJTIDExMMKwMjMnNDguMyJF!8m2!3d-7.606681!4d110.396749!3m5!1s0x2e7a60ec7f545751:0x794c3cd33bbdc15d!8m2!3d-7.6069053!4d110.3966559!16s%2Fg%2F1pzwcxj87?entry=ttu&g_ep=EgoyMDI1MDEyOC4wIKXMDSoASAFQAw%3D%3D",Desa Wisata Nganggring,Salsya Rais,Tempat yang menakjubkan,5 bintang,8 tahun lalu,positive,takjub
"https://www.google.com/maps/place/Desa+Wisata+Nganggring/@-7.6067887,110.3963377,19z/data=!4m12!1m5!3m4!2zN8KwMzYnMjQuMSJTIDExMMKwMjMnNDguMyJF!8m2!3d-7.606681!4d110.396749!3m5!1s0x2e7a60ec7f545751:0x794c3cd33bbdc15d!8m2!3d-7.6069053!4d110.3966559!16s%2Fg%2F1pzwcxj87?entry=ttu&g_ep=EgoyMDI1MDEyOC4wIKXMDSoASAFQAw%3D%3D",Desa Wisata Nganggring,Parjex Jogja,Mantep jayalah desaku,5 bintang,8 tahun lalu,positive,mantap jaya desa
"https://www.google.com/maps/place/Desa+Wisata+Nganggring/@-7.6067887,110.3963377,19z/data=!4m12!1m5!3m4!2zN8KwMzYnMjQuMSJTIDExMMKwMjMnNDguMyJF!8m2!3d-7.606681!4d110.396749!3m5!1s0x2e7a60ec7f545751:0x794c3cd33bbdc15d!8m2!3d-7.6069053!4d110.3966559!16s%2Fg%2F1pzwcxj87?entry=ttu&g_ep=EgoyMDI1MDEyOC4wIKXMDSoASAFQAw%3D%3D",Desa Wisata Nganggring,Kid_ kid18,Keren puoll,5 bintang,8 tahun lalu,positive,keren puoll
